,CustomerID,Name,Age,Email,SignUpDate,LastPurchaseDate,TotalPurchases,AveragePurchaseValue,PreferredDevice,Location
0,001,Joseph Williams,40,ibarton@example.com,2021-07-26,2021-08-24,64,86.45,Mobilex,Lake Lisaport
1,002,Todd Levine,37,heather54@example.com,2022-01-18,2023-07-08,twenty-five,59.06,Mobile,Michaelmouth
2,003,Bryan Rogers,49,rollinsjordan@example.com,2021-11-14,2023-10-31,81,31.13,Mobile,Carolburgh
3,004,Kimberly Perez,29,david91@example.net,2023-08-07,2023-12-08,82,74.91,Mobile,North Anthonysidex
4,005,Scott Marquez,66,alexandertorres@example.com,2021-10-20,2023-05-05,forty-five,46.67,Mobile,Johnsonview
5,006,Kimberly Brooks,46,gellis@example.net,2021-05-09,2022-09-06,90,93.34,Desktop,Henryview
6,007,Zachary Matthews,63,houstontamara@example.net,2023/12/01,2023-10-24,36,73.99,Desktop,New Chrispor
7,008,Daniel Vargas,thirty-five,john93@example.net,2021-04-30,2023-02-18,13,48.51,Desktop,East Jeffery
8,009,Laura Hernandez,53,crobertson,2023-07-27,2023-11-27,66,32.21,Desktop,Lake Julia
9,010,Holly Gutierrez,63,eneal@example.org,2021-05-27,2023-11-13,43,39.73,Mobile,Wileystad
10,011,Benjamin Dixon,67,jamesramirez@example.net,2023-08-06,2023-12-04,77,23.2,Desktop,
11,012,Jimmy Petersonx,24,grahamalex@example.org,,2023-02-04,90,33.49,Mobile,Lake Randallfort
12,013,Tanya Richard,28,maldonadobenjamin@example.org,2021-05-09,2022-02-02,72,42.62,Desktop,Tonystad
13,014,,19,cmays@example.net,2023-10-17,2023-12-18,87,68.71,Mobile,New Alanbury
14,015,Elizabeth Perry,30,robinsonstephanie@example.com,2022-04-25,wrong_date,31,39.52,Desktop,Port Joshua
15,016,,62,stevenryan@example.net,2023-06-14,2023-11-13,51,49.18,Mobile,Collinstown
16,017,Danny Smith,69,pamelawilliams@example.net,2022-04-22,2023-04-23,58,69.76,Desktop,North Heidichester
17,018,Justin Martinez,29,danajohnson@example.net,2021-11-10,2023-08-03,forty-five,30.09,Desktop,Angelaside
18,thirty-five,Ruth Nelson,45,fbradley@example.org,2021-06-05,2021-07-30,100,21.34,Mobile,New Geoffrey
19,020,Lisa Livingston,56,davechavez@example.org,2022-05-26,2022-08-31,twenty-five,60.56,Desktop,
20,021,Robert Johnson,18,eneal@example.com,2023-05-03,wrong_date,62,27.95,Desktop,Meltonmouth
21,022,Kayla Stewart,30,joneshannah@example.org,2022-02-21,2023-03-28,64,42.34,Desktop,West Larry
22,023,Emily Hamilton,41,christophergrant@example.com,2022-06-02,2023-01-17,13,29.18,Desktop,Nicolemouth
23,024,Mark Carpenter,20,humphreytravis@example.org,2022-03-17,2023-09-14,22,26.12,Desktop,Wellsville
24,025,Sherry Jones,63,mwelch@example.net,2023-10-19,2023-12-08,65,86.85,Desktop,Collinsland
25,026,Kirsten Herman,29,aparks@example.org,2023-06-16,2023-08-22,45,51.35,Mobile,West Sylviaberg
26,027,Elizabeth Simon,47,rodriguezrebecca@example.com,2022-07-26,2023-01-16,37,98.66,Mobile,Lake Mark
27,028,Amy Smith,forty-five,,2021-11-20,2023-05-04,92,24.27,Desktop,Alyssaview
28,029,Nicholas Thomas,56,caseyerin@example.org,2022-07-11,2023-03-02,12,63.75,,Port Brandyhaven
29,030,Mark Williams,forty-five,robertsbenjamin@example.net,2023-08-18,2023-11-22,40,57.33,Mobile,Dawnland
30,031,Elizabeth Dennis,33,laura10@example.net,2023-11-15,2023-12-25,67,57.75,Desktopx,Darrenberg
31,032,Karen Smith,57,jamie13@example.net,2021-10-07,,5,91.05,Mobile,Jeremymouth
32,033,Gregory Hudson,45,blakechristopher@example.org,2023/12/01,2023-06-10,40,44.93,Desktop,East Maryview
33,034,Mary Mullinsx,29,jonathan27@example.org,2022-06-17,2022-10-20,31,81.57,Mobile,Sellersfort
34,035,Matthew Nelson,57,vmayo@example.net,2023-03-13,2023-09-23,74,26.6,Mobile,Connorfurt
35,036,Brent Romero,34,timothy50@example.net,2023-01-23,2023-05-16,forty-five,61.72,Desktop,West Jerrychester
36,037,Ricky Stewart,40,anthony08@example.org,,2023-11-01,29,38.27,Desktop,South Erin
37,038,Jimmy Lewis,65,katherine96@example.net,2023-08-14,2023-12-15,49,40.58,,Lake Edwardmouth
38,039,Stephanie Andrews,61,,2022-09-19,,13,91.81,Mobilex,North Kellyside
39,040,Christine Miller,33,patricia73@example.com,,2023-12-19,twenty-five,22.36,Desktop,Heidimouth
40,041,Nicole Kerr,43,albert54@example.com,2021-01-15,2021-09-27,79,89.28,Mobile,North Timothy
41,042,Steven Skinner,34,gcruz@example.net,2021-02-13,2023/12/01,31,76.88,Mobile,South Williambury
42,043,Anthony Oconnell,58,gwilliamson@example.org,wrong_date,2023-04-14,76,86.43,Mobile,Woodhaven
43,044,Michele Taylor,42,andersontoni@example.com,2021-08-31,2021-11-15,57,23.65,Desktop,North Shanefort
44,twenty-five,,62,bparks@example.net,2021-08-27,2022-08-26,48,76.2,Mobile,South Micheal
45,046,Kayla Munoz,41,megan63@example.com,2021-04-13,2023-12-07,76,81.76,Mobile,North Daniel
46,047,Allison Walker,forty-five,yburns@example.org,2022-05-20,2022-08-22,17,90.57,Desktop,East Heatherview
47,048,Katherine Williams,26,rwhite@example.net,2022-09-05,2023-11-17,20,71.92,Desktop,Alexisland
48,049,David Johnson,twenty-five,hernandezalicia@example.com,,2022-12-02,36,43.13,Mobile,Lake Kylebury
49,050,Rachel Mitchell,25,diazedwin@example.org,2021-05-16,2022-05-11,31,43.56,Desktop,Melissaview
50,051,Stephanie Schmidt,22,vescobar@example.org,2023-06-28,2023-12-01,14,77.46,Mobile,Margaretberg
51,052,Kevin Snyder,46,smithdiana@example.org,2021-06-15,2023-04-28,31,54.91,Mobile,North Ryanberg
52,053,Robert Rios,19,dhernandez@example.org,2023/12/01,2021-09-28,26,59.4,Mobile,North Douglas
53,054,Veronica Campbell,forty-five,hallchad@example.net,2021-10-12,2023-01-16,21,95.18,Mobile,Lake Leeborough
54,055,David Jackson,21,troyrojas@example.com,2022-02-21,2022-06-01,76,93.68,,Katiechester
55,056,Shawn Harvey,47,cruzkevin@example.net,,2023-12-06,30,98.58,Mobile,North Shannontown
56,thirty-five,Jamie Owen,23,emurphy@example.net,2023-07-31,2023-12-11,69,53.14,Mobile,Christinaborough
57,058,Kevin Bass,70,schwartzmelissa@example.org,2022-10-19,2023-09-21,15,24.53,Desktop,Boltonfur
58,059,Ashley Shannon,37,davidgarcia@example.net,,2023/12/01,29,36.95,Desktop,New Raymondfort
59,060,Joshua Estes,18,laurie86@example.org,2022-12-20,2023-11-10,48,42.23,Desktop,Port Jenniferburg
60,twenty-five,Donna Jacobs,46,lewisdavid@example.net,2021-12-01,2023-05-12,26,63.26,Mobile,West Michelle
61,062,Crystal Lewis,twenty-five,fraziercarrie@example.org,2023-07-21,2023-09-17,70,92.41,Mobile,
62,063,Andrew Bell,53,jeremydalton@example.net,2021-03-21,2023-02-27,64,65.92,Desktop,West Ruth
63,064,Kristi Gonzalez,68,jay68@example.org,2023-07-23,2023-09-02,thirty-five,54.17x,Desktop,East Carl
64,065,Christopher Martinez,43,missing,2021-10-20,2023-11-27,twenty-five,87.35,Mobile,North Sara
65,066,Jeffrey Davis,54,lhall@example.com,2021-05-18,2023-11-30,7,97.59,Mobile,West Ashley
66,067,Michael Ferrell,31,ashley24@example.com,2022-07-21,2023-11-29,89,38.56,,Sherriton
67,twenty-five,Scott Sherman,forty-five,amy44@example.org,2022-09-13,2023-02-27,6,87.91,Mobile,Port Erica
68,twenty-five,Erin Martinez,64,dbrown@example.org,2022-03-02,2023-03-08,10,21.86,Mobile,Davidview
69,070,Tiffany Thompson,twenty-five,gabrielle11@example.org,2023-01-14,2023-08-06,64,86.72,Mobile,Jillland
70,071,Janet Ramirez,21,cynthiajohnson@example.org,,2021-02-19,12,90.2,Mobile,Jacksonfurt
71,072,William White,33,,2022-07-17,2023-07-23,2,96.64,Desktop,Riggsmouth
72,073,Juan Wilson,forty-five,mendezlauren@example.com,2022-05-22,2023-09-12,24,28.2,Mobile,South Harrystad
73,074,Katherine Ross,47,john31@example.com,2021-01-30,2023-02-15,50,77.95,Mobilex,Port Justin
74,thirty-five,Sarah Fitzpatrick,27,lisahenson@example.org,2021-06-16,2023-08-23,42,53.64,Mobile,North Joseph
75,076,Justin Johnson,34,ccook@example.net,2022-10-09,2023-02-16,83,45.1,Desktop,Barnettview
76,077,Teresa Clark,52,chrisjohnson@example.org,2022-03-08,2023-08-16,84,73.1,Mobile,Kellyfurt
77,078,Ethan Young,54,anthony94@example.com,2023-10-17,2023-10-31,58,44.42,Mobile,Chanview
78,079,Anna Simpson,38,collierbrandi@example.net,2021-08-16,2023-01-11,83,82.35,Desktop,New Ellenx
79,080,Shelby Moss,55,woodmark@example.org,2022-04-13,2023-04-04,29,35.18,Desktop,Thomaschesterx
80,twenty-five,William Bautista,44,mcgeemichael@example.org,2021-02-26,2023-03-08,14,64.02,Desktop,North John
81,082,,twenty-five,sheila71@example.com,2022-01-19,2023-04-25,74,27.08,Desktop,Priceberg
82,forty-five,Kenneth Robinson,27,courtneywarren@example.com,2023-06-01,2023-11-23,47,,,New Franklinfurt
83,084,Julia Boye,70,,2022-04-13,2023/12/01,4,56.89,Mobile,Thomasbury
84,085,Nancy Hernandezx,26,campbellkayla@example.com,2023-02-11,2023-11-25,77,38.16,,Port Danielmout
85,086,,59,clementsmaria@example.org,2023-03-04,2023-09-22,forty-five,49.86,Mobile,East Stephanie
86,087,Timothy Johns,65,kenneth09@example.com,2023-11-16,2023/12/01,thirty-five,83.68,Mobile,Port Shawnfurt
87,088,Tyler Giles,65,xthompson@example.net,2023-09-02,2023-09-28,86,33.78,Desktop,Cameronfort
88,089,Jennifer Norton,65,lmclaughlin@example.net,2021-10-25,2023-02-07,57,95.94,Mobile,Port Kimberly
89,090,Rebecca Solis,39,morenoclifford@example.org,2021-12-13,2023-11-06,74,69.32,Mobile,
90,twenty-five,,26,mary29@example.com,2022-01-18,2022-09-22,34,,Desktop,South Kaylaside
91,092,Sandra Olsen,62,lcook@example.org,,2023-09-02,30,44.12,Desktop,North Christian
92,093,Mrs. Christine Espinoza,57,christine59@example.net,2021-04-13,2021-10-24,89,43.65,Desktop,East Williamview
93,094,John Carter,19,stephanie97@example.org,2022-09-30,2023-07-08,39,39.73,Mobile,Kingfurt
94,forty-five,Patricia Hamilton,56,christina80@example.net,2023-02-08,2023-09-24,twenty-five,52.1,Desktop,Lake Samanthaburg
95,096,Steven Olson,49,areyes@example.net,,2021-12-23,88,32.6,Mobile,West Williamfurt
96,097,Donna Stewart,69,ptaylor@example.com,2021-09-04,2022-08-26,72,52.88,Mobile,Hernandezburgh
97,098,Anthony Miller,40,raymond33@example.com,2023-09-22,2023-12-07,8,86.65,,Lake Amandahaven
98,thirty-five,Mr. Joshua Glove,56,robertkirk@example.org,2022-10-01,2023-04-13,27,42.34,Desktop,Jenniferborough
99,100,Dr. Marcia Patterson MD,54,lopezbrianna@example.com,2022-10-15,2023-08-24,89,,Mobile,Lewisland
100,101,William Jackson,68,lancegonzalez@example.com,2021-09-28,,29,32.19,Mobile,Davidsonfurt
101,102,Heather Green DVM,63,martinsheila@example.org,2021-01-06,2023-09-29,forty-five,21.12,Mobile,Markfurt
102,103,Michelle Kelley,46,erinfloyd@example.net,2023-03-23,2023-10-21,86,69.74,,Port Daryl
103,104,Wayne Hart,31,matthew99@example.com,2021-06-09,2021-08-17,49,25.38,Mobile,South Angelachester
104,105,Brian Jackson,53,,2021-01-12,2021-11-21,77,26.11x,Desktop,Debrafurt
105,106,Ryan Douglas,34,nolson@example.com,2022-08-21,2023-07-15,65,65.38,Desktop,Port Michaeltown
106,107,Charles Howe,thirty-five,cochranmegan@example.org,2021-08-09,2021-10-22,10,40.53,Desktop,Vasquezfurt
107,108,Andrew Pearson,57,martinezkelly@example.net,2023-11-21,2023-12-08,32,73.12,Mobile,East Ashleymouth
108,109,Thomas Murray,49,russellcarroll@example.com,2023-10-24,2023-10-31,75,53.88,Mobile,Justinshire
109,110,Angela Henderson,63,cperez@example.com,2022-09-19,2023/12/01,69,44.78,Mobil,North Charlesside
110,111,Ashley Coleman DVM,26,browncory@example.net,2021-07-16,2023-10-24,20,44.59,Desktopx,East Kevinburgh
111,112,Megan Jones,45,katherine68@example.com,2021-11-18,2022-01-26,56,96.79,Desktop,Riosvill
112,113,Kelly Wilkins,70,davenportannette@example.org,2023/12/01,2023-12-22,100,92.05,Mobil,Sullivanland
113,114,Diane Martinez,44,guerrerojennifer@example.net,2023/12/01,2022-08-03,2,96.9,Mobile,Perkinsportx
114,115,Eric Lewis,39,richardsjonathan@example.net,2023-09-24,2023-11-08,19,25.68x,Mobile,Fergusonville
115,116,Melinda Swanson,48,robertperez@example.org,2023-10-13,2023-10-13,58,74.79,Desktop,Kinghaven
116,117,,65,sleach@example.com,2023-06-28,2023-10-12,38,33.6,Desktop,Lake John
117,118,Jonathan Jensen,55,amandatapia@example.com,2021-09-06,2023-08-12,98,72.94,Desktop,South Peter
118,119,,30,danielbentley@example.org,2021-09-05,2022-06-17,57,28.64,Mobile,Anthonystad
119,120,Douglas Kirk,56,ysmith@example.net,,2023-04-24,35,51.11,Desktop,Haileyborough
120,121,Thomas Torres,46,ataylor@example.com,wrong_date,2023-07-28,53,32.84x,Mobile,Smithside
121,122,Peter Garcia,19,nbrown@example.net,2023/12/01,2023/12/01,86,85.63,Mobile,
122,123,Heidi King,33,keith00@example.com,2023-11-17,2023/12/01,92,53.27,Mobile,North Shane
123,124,William Lewis,34,alexanderboyd@example.org,2021-03-21,2022-09-01,forty-five,66.41,Desktop,Lake Jeffreybury
124,125,Charles Rios,46,mosskylie@example.org,2021-06-28,2023-10-04,81,47.2,Mobile,Horneside
125,126,Mark Mosley,42,kimmichele@example.com,,2023-12-22,90,42.68,Desktop,Lake Matthewborough
126,127,John Jackson,25,amanda11@example.net,2023-01-31,2023-11-10,twenty-five,44.03,Desktop,East Kathryn
127,128,Russell Wheeler,forty-five,bradystacey@example.net,2023-10-20,2023-12-22,9,53.24,Mobile,Guzmanside
128,129,Taylor Carr,62,zmoyer@example.net,2023-12-12,2023-12-24,42,58.02,Mobile,Garcialand
129,130,Amanda Berg,30,charles98@example.org,2022-12-08,2023-09-13,34,59.15,Mobile,Victoriamouth
130,131,Philip York,18,ihayes@example.com,2023-01-27,2023-03-06,14,37.62,Mobile,East Gregory
131,132,Hannah Brown,31,richard00@example.com,2022-05-28,2022-08-17,18,24.7,Desktop,Martinezstad
132,133,Nicole Solomon,28,michael94@example.org,2021-06-02,wrong_date,40,31.72,Mobile,New Jamiefort
133,134,Claire Taylor,26,matthewjohnson@example.org,2021-04-24,2022-02-22,6,92.67,Mobile,Port Alicia
134,135,Matthew Price,62,uramirez@example.net,2023-02-15,2023-05-17,64,58.04,Desktop,Vaughnchester
135,136,Elizabeth Hernandez,19,whiteanthony@example.net,2021-01-02,2021-03-06,12,20.87,Desktop,Lake Kennethbury
136,forty-five,Jeffery Kelly,18,browndenise@example.org,2023-11-30,2023-12-15,74,41.5,Desktop,Millsfort
137,138,,28,fbell@example.net,2023-03-25,2023-10-02,1,24.02,Desktop,Jacksonton
138,139,Linda Ingram,48,ericakeller@example.com,2022-11-26,2023-02-02,25,32.54x,Mobile,North Kathryn
139,thirty-five,Matthew Burns,43,newmanrobert@example.net,2022-09-02,2023/12/01,62,25.35,Mobile,Shaneton
140,141,Jessica Rodriguez,21,missing,2021-02-23,2021-04-11,17,69.53,Desktop,Francisland
141,142,Scott Robinson,thirty-five,fletcherrobert@example.com,2022-06-16,2023-11-01,39,76.3,,Collinshaven
142,143,Emily Wright,19,hintontimothy@example.net,2023-04-01,2023-11-19,100,29.71,,Paulburgh
143,144,James Osborne,23,martinmartinez@example.net,2021-02-01,2023-01-26,2,44.05,Desktop,West Sherri
144,twenty-five,,41,,2022-01-29,2023-02-07,52,78.21,Mobile,Stevenshire
145,146,,twenty-five,walshwilliam@example.com,2021-07-27,2023-04-18,44,41.92,Desktop,Kellyside
146,147,Gabrielle Jones,48,helenmoyer@example.org,2023-03-05,2023-12-01,1,42.6,Desktop,Mooreton
147,148,Jeremy Gonzales,37,curtischurch@example.net,2022-03-05,2023-07-09,17,42.57,Mobile,Crossfurt
148,149,Justin Bennett,56,karenbrooks@example.org,2023-04-19,2023-05-20,27,73.9,Desktop,New Andrewx
149,150,Michael Hansen,34,kcabrera@example.org,wrong_date,2021-09-23,11,66.34,Mobile,Ashleyfurt
150,151,Brandi Ashley,66,wandamoore@example.net,2023-08-17,2023-11-30,38,40.55,Desktop,Stevensberg
151,152,Adam Perez,55,hamiltonmanuel@example.net,2021-10-11,2022-11-19,62,44.71,Mobil,Lake Melissa
152,153,Gary Webb,42,adamhancock@example.com,2022-08-14,2022-11-14,57,33.34,Mobile,New Luisbury
153,154,Hannah Wilson,forty-five,williamschristina@example.com,2021-05-30,2023-03-20,forty-five,20.97,Mobilex,Jimstad
154,155,Mitchell Morgan,32,michaelrobles@example.org,2023-09-10,2023-12-20,20,40.95,Desktop,New Mark
155,156,Gabriel Phelps,54,james79@example.net,2021-01-07,2023-03-10,74,58.56x,Mobile,East Shannon
156,157,Leonard Wood,42,boonerandy@example.org,2023-08-14,2023-10-10,65,97.77,Desktop,Pittsberg
157,158,,65,greenjoe@example.com,2023-12-20,,68,95.75,Desktop,New Emily
158,159,Timothy Knight,70,richard24@example.com,2021-05-23,2023-12-25,69,85.65,Mobile,Bradleyview
159,160,Tyler Bishop,58,weavermichael@example.com,2021-04-15,2021-12-22,97,77.12,Desktop,West Rachaelfurt
160,161,George Smith,38,joan75@example.net,2022-03-06,2023-05-30,75,50.43,Mobile,Port Amyberg
161,thirty-five,Christopher Oliver,18,erin10@example.com,2021-12-09,2023-02-24,9,65.53,Mobile,East Brandi
162,163,,70,millerjohn@example.org,2022-11-09,2023-04-20,59,51.55,Mobile,North Alexandrahaven
163,forty-five,Aaron Mcmillan,25,,2023-09-23,2023-10-27,37,,Desktop,Amandabury
164,165,Tamara Monroex,forty-five,morgan41@example.net,2023-09-29,2023-10-23,forty-five,97.83,Mobile,Sallyshire
165,166,Kenneth Kennedy,57,vasquezalyssa@example.net,2023-04-17,2023-05-05,94,70.49,Desktop,Nathanport
166,167,Kimberly Freeman,30,davistaylor@example.net,2021-02-17,2022-12-28,11,98.83,Mobile,Lake Joshua
167,168,Emma Ken,28,ashley74@example.org,2022-08-06,2023-06-30,87,26.74,Desktop,North Janeland
168,169,Kristy Mcpherson,41,christophersingh@example.org,2022-04-01,2023-02-24,15,68.32,Desktop,West Sarahport
169,170,Laurie Lewis,68,khernandez@example.com,2022-08-11,2023-11-18,99,20.47,Mobilex,New Christian
170,171,Kimberly Bray,45,tayloralyssa@example.com,2021-09-22,2021-12-28,49,73.3,Desktop,Brooksstad
171,172,Michael Hale,37,danny50@example.com,2020-12-25,2022-04-21,73,79.6,Desktop,Michaelmouth
172,173,Morgan Norto,45,brandon81@example.org,,2021-10-18,46,50.16,Mobile,Carolland
173,174,Lauren Herrera,28,kariwilson,2021-09-19,2023-10-03,twenty-five,52.36,Desktop,Douglasville
174,175,,forty-five,david72,2021-05-18,2021-08-25,93,91.71,Mobile,Kochshire
175,176,George Barker,49,dgarcia@example.com,2022-07-15,2023-09-06,35,23.97,Mobile,Jeffreymouth
176,177,Susan Lopez,63,ljackson@example.net,2021-04-19,2022-05-27,2,64.79,Mobile,South Robert
177,178,,54,tyler04@example.net,2021-12-28,2023-05-13,51,91.4x,Desktop,Ruizbury
178,179,Brandon Warner,18,wayne85@example.com,2022-03-18,2022-06-13,46,29.08,Desktop,New Nathan
179,180,George Hayden,30,davidgarrett@example.org,2021-07-12,2021-11-16,79,20.69,Mobile,Jocelynchesterx
180,181,Kari Walker,35,missing,wrong_date,,twenty-five,70.49,Mobile,New Lauraport
181,182,Brittany Mccoy,61,darrellguerrero@example.net,2023-02-05,2023-11-06,96,65.82,Mobile,Loribury
182,183,Eric Wilson,48,perezdaniel@example.org,2022-04-13,2023-04-21,twenty-five,94.26,Desktop,East Christinafurt
183,184,Christopher Malone,forty-five,greenjohnathan@example.com,2021-12-18,2023-08-21,87,81.72,Mobile,South Julia
184,185,Abigail Dominguez,63,thomaspaul@example.com,2021-03-03,2021-10-29,50,28.06,Mobile,Thomashaven
185,186,Debra Parks,30,samanthabartlett@example.com,2023-06-17,2023-11-29,11,52.61,Desktop,Lisaview
186,187,Christina Cross,31,hernandezjacqueline@example.com,2022-06-13,2022-11-07,35,93.4,,Jeremyburgh
187,188,James Benson,47,alexis40@example.net,wrong_date,2023-12-21,83,47.66,Desktop,New Ianmouth
188,189,Jennifer Gardner,70,missing,2023-04-28,2023-12-08,44,54.76,Mobile,West Patricia
189,190,Joshua Parrish,42,hernandezbrooke@example.com,2022-01-11,2022-04-08,96,75.79,Desktop,Christianburgh
190,191,Jeremy Cooperx,64,john28@example.org,,2023-10-14,5,39.78,Desktop,
191,192,Briana Rodriguez,52,myersmarvin@example.org,2023-04-24,2023-11-26,77,80.09,Mobile,North Melissa
192,193,Mr. James Adams,62,gibbsvincent@example.com,2022-09-21,2023-06-22,64,,Desktop,Wilsonland
193,194,Gregory Fields,thirty-five,thenson@example.net,2023-01-04,2023-12-21,11,38.76,Mobile,New Sara
194,195,Alexander Strong,45,robertscott@example.com,2021-05-20,2022-02-11,15,32.94,Desktop,East Russellborough
195,196,Charles Patrick,36,ryan26@example.com,2021-06-22,2022-06-30,45,26.92,Desktop,North Elizabethland
196,197,Michael Brewer,32,melissa35@example.com,2021-07-19,2023-03-12,49,31.78,Desktop,Christophermouth
197,198,Christopher Carter,69,alicia23@example.org,,2023-07-30,25,88.71,Mobile,North Davidx
198,199,Theresa Fitzpatrick,30,missing,2022-03-04,2023-04-12,30,90.73,Mobile,Victoriahaven
199,200,Lauren Tran,45,,2021-11-09,wrong_date,83,23.67,Desktop,Lake Anthonyshire
200,forty-five,Robert Russell,thirty-five,duffyamber@example.com,2021-09-17,2022-10-26,42,98.07,Mobile,Grossshire
201,202,Sara Miller,56,mstrickland@example.org,2022-12-04,2023-03-21,52,24.11,Mobile,Port Alex
202,203,Dustin Jones,36,timothyyoder@example.com,2022-06-29,2022-10-07,11,39.07,Desktop,Arthurstad
203,204,Joel Mcpherson,46,johnsonbeth@example.org,2022-03-22,2023-12-13,37,42.85,Mobile,Garciabury
204,forty-five,,63,jennifer06@example.net,2021-09-28,2023/12/01,48,73.94,Mobilex,West Craig
205,206,Lisa Johnson,thirty-five,susan88@example.net,2021-02-08,,25,67.93,Desktop,
206,207,Jessica Taylor,twenty-five,balljustin@example.org,2021-07-20,wrong_date,42,44.55x,Desktopx,Port Thomashaven
207,208,Cassandra Morton,41,joshuacraig@example.com,2022-10-09,2023-05-05,5,61.56,Mobile,West Renee
208,209,Oscar Nelson,63,rparker@example.net,2021-04-27,2023-10-16,25,67.48,Desktop,Lake Destinyhaven
209,thirty-five,Andre Phillips,68,jamesmatthew@example.net,2021-07-08,2022-03-26,28,82.03,Desktop,Fergusonfort
210,211,Christina Green,42,sarahvega@example.org,2022-08-21,2023-10-15,97,87.19,Mobile,Seanfur
211,212,Brian Reynolds,21,rodriguezjoseph@example.org,2022-02-26,2023-05-23,73,70.52,Desktop,Tylermouth
212,213,Bobby Henderson,22,isabel50@example.com,2021-04-25,2023-06-18,36,90.02,,West Jamesberg
213,214,Jason Harper,27,ybailey@example.com,2021-11-09,2023-01-30,9,77.65,Desktop,Lake Kara
214,215,Amanda Mccormick,twenty-five,pearsonlinda@example.net,2022-05-28,2023-06-16,16,43.77,Desktopx,Port Suzanne
215,216,Amanda Young,19,ocompton@example.org,2023-03-17,2023-06-06,83,21.9,Mobile,Port Mia
216,217,Michael Brow,67,wadams@example.net,2023-08-01,2023-12-12,55,24.18,Mobile,North Leah
217,218,Andrew Anderson,55,randy56@example.net,2022-08-01,,46,31.05,Mobile,North Adam
218,219,Nicholas Maldonado,39,ssmith@example.net,2022-08-16,2023-11-14,43,97.57,Desktop,East Amberchester
219,220,Richard Sanchez,thirty-five,lori66@example.org,2023-03-08,2023-07-01,57,77.12,Mobile,Lake James
220,221,Elizabeth Patterson,27,wolfepatricia@example.net,2021-03-21,2022-05-09,43,42.66,Mobilex,New Martha
221,222,Colleen Nguyen,70,danielle12@example.net,2022-04-24,2022-08-13,89,97.67,Desktop,Davidmouth
222,twenty-five,Kristina Tucker,forty-five,sheppardjacqueline@example.org,2023-01-25,2023/12/01,88,77.35,Mobile,Rachelview
223,224,Katherine Rivera,33,melissahammond@example.com,wrong_date,2023-10-02,56,88.96,Desktop,South Dawnburghx
224,225,Donald Montgomery,27,robertskelsey@example.org,2023-10-09,2023-12-17,79,37.54,Desktop,
225,226,Kenneth Adkins,49,tbrown@example.org,2021-04-15,2022-08-02,84,31.56,Desktop,Cookstad
226,227,Alan Rowe,42,wilsonscott@example.net,2022-06-04,2022-09-11,twenty-five,53.49,Desktop,Meganland
227,228,Megan Santos,41,scott97@example.org,2023-08-01,2023-09-07,2,40.04,Mobile,Mooreberg
228,229,Gregory Conway,25,patricialee@example.com,2022-09-15,2023-02-13,70,42.4,Desktop,Nortonchester
229,230,Krista Love,35,bellcody@example.com,2023-03-05,2023-03-28,6,77.76,Mobile,Port Jasonfurt
230,231,Eric Frank,43,riverasarah@example.com,,2023-11-22,1,70.25,Desktop,Baileytown
231,232,Stacy Martinez,62,robertking@example.org,2022-07-25,2023-01-27,51,79.28,,West Juan
232,233,Jennifer Thornton,62,abyrd@example.org,2022-07-05,2023-05-06,forty-five,72.74,Mobil,Daughertyfort
233,234,James Lesterx,41,ujefferson@example.net,2023-04-02,2023-11-12,87,73.22,Desktop,East Coryland
234,235,Thomas Russell,47,william43@example.net,2022-10-10,2023-09-03,52,89.75,Mobil,Flemingburghx
235,236,Amanda Garcia,30,lawrence82@example.net,2022-04-21,2023-12-21,45,76.23,Mobile,Markchester
236,thirty-five,Michael Crosby,33,frichardson@example.com,2023-06-12,2023-09-29,twenty-five,21.46,Mobile,Lake Noah
237,238,,41,missing,2023-09-16,2023-10-19,15,22.41,Desktop,Flemingfurt
238,239,Corey Nguyen,23,howardkatherine@example.net,2023-07-12,2023-10-22,88,70.98,Mobile,Brandiburgh
239,240,Heather Stephens,58,jacksonstephanie@example.net,2022-03-28,2022-06-08,42,89.48,,Edwardsport
240,241,Mrs. Mary Moore MD,31,zamorastephanie@example.com,,2022-11-30,thirty-five,98.71,Desktop,Martinton
241,242,Daniel Dyer,41,craigjoshua@example.org,2022-04-14,2022-09-09,51,,,Lake Patricia
242,twenty-five,Dawn Mcdonald,36,dburnett@example.net,2022-05-19,2022-05-23,36,93.3,Desktop,Port Katherine
243,244,Tyler Harmon,thirty-five,jeannemurphy@example.com,2023-01-05,2023-05-24,21,25.15,Desktop,Boydtown
244,twenty-five,Charles Reynolds,59,robert86@example.net,2022-11-22,2023-02-17,53,70.62,Desktop,Lawrencebury
245,246,Jessica Smith,60,charles52@example.org,2023/12/01,,81,52.52,,North Jamesville
246,247,Debbie Pineda,48,robertsrobert@example.com,2023-01-23,2023-05-14,80,54.45,Mobile,Port Patrick
247,248,Crystal Rigg,24,dustinbrown@example.com,2022-03-29,2022-07-17,87,87.8,Desktop,Carpenterton
248,249,Bryce Richardson,21,jason18@example.com,2023-05-30,2023-12-05,39,24.16x,Mobile,New Vanessamouth
249,250,Chelsea Mathews,30,missing,2023-04-21,2023-10-14,30,22.38,Mobile,Lake Angelica
250,251,Shannon Martin,44,michael38@example.net,2023-01-11,2023-03-04,68,76.3,Mobile,Marthastad
251,252,Kimberly Ramirezx,27,matthew27,2023-11-13,2023-11-21,95,24.16,Desktop,Robertfurt
252,253,Brian Boone,twenty-five,richard48@example.net,2023-08-02,2023-11-05,30,27.0,,Anneton
253,254,Kristin Fowler,36,ronald51@example.net,2023-08-02,2023/12/01,thirty-five,86.2,Desktop,Lake Felicia
254,255,Ricky Frazier,25,yquinn@example.com,2021-08-04,2022-03-16,twenty-five,25.16,Mobile,South Janet
255,256,Alexa Jones DDS,29,hrose@example.net,2023-03-17,2023-09-21,96,71.81,Desktop,Mcculloughville
256,257,Mrs. Kayla Caldwell,60,jose37@example.org,2021-03-05,2021-12-24,13,46.0,Mobile,South Garrett
257,258,James Bernard,thirty-five,wandareese@example.com,2022-08-04,2023-08-27,14,59.57,Mobile,Lake Sethville
258,259,Sara Rice,thirty-five,thomashernandez@example.org,2021-05-20,2022-05-15,91,56.27,Desktop,Guyfurt
259,260,Kelly Miller,36,william40@example.com,2021-05-02,2022-02-07,39,68.14,Mobile,South Robertahaven
260,261,Jeff Campbell,35,erik68@example.com,2023-01-24,2023-04-21,79,24.77,Mobil,Lake Michelle
261,262,Lauren Guzman,60,yvonnegonzales@example.com,2021-06-30,2021-12-06,54,48.06,Mobile,East Stevenview
262,263,Sandra Mcmahon,56,xnelson@example.org,2023-02-14,2023-08-25,19,60.28,Desktop,Danaville
263,264,Daniel Wilson,27,rbranch@example.net,2021-10-02,2023/12/01,73,64.92,Desktop,East Dylan
264,265,Stacey Gallegos,61,lauren34@example.net,2023-09-17,2023-12-13,68,42.0,Mobile,Troyland
265,266,Brian Johnson,forty-five,phillipskenneth@example.org,2023-10-12,2023-11-13,70,60.96,Mobile,South Kellymouth
266,267,Jason Bryantx,18,bbaker@example.com,2023/12/01,2023-05-05,thirty-five,80.28,Desktop,Johnfort
267,268,Paul Young,25,danielwolfe@example.net,2021-10-11,2022-05-18,47,,Mobile,Michaelshire
268,269,Barbara Duncan,31,npetersen@example.com,2021-08-04,2021-12-09,90,,Mobile,
269,270,Jody Garrett,23,mblackwell@example.org,2021-07-06,2022-10-22,thirty-five,47.65,Mobile,Kimberlyside
270,271,Mary Graham,40,qgonzalez@example.com,2021-02-08,2022-02-28,96,69.33,Desktop,Mirandabury
271,272,Charles Rice,60,jacqueline89@example.org,2023-02-13,2023-04-19,thirty-five,36.0,,Port Nicholasfort
272,273,Mrs. Jennifer Lindsey MD,22,wrightkimberly@example.net,2023-05-13,2023-07-18,3,44.87,Mobile,Port Johnberg
273,274,Michelle Young,61,,2022-11-28,2023-01-28,27,66.77,Desktop,Lake Karentown
274,275,Shelly Dougherty,forty-five,wmccullough@example.org,2023-04-22,2023-12-24,15,43.27,Mobile,Byrdborough
275,276,Kevin Mannx,forty-five,danny08@example.com,2023-08-20,2023-09-18,31,42.9,Mobile,South Mary
276,forty-five,Julie Adams,34,tammy51@example.com,2021-06-03,2022-05-01,33,56.25,Desktop,New Jodifurt
277,278,Sierra Perez,33,michael54@example.com,2023-09-08,2023-11-16,41,35.65,Mobile,North Leahshire
278,279,Julie Estrada DDSx,23,karimurray@example.net,2021-02-04,2022-07-21,58,84.29,Desktop,Evanstown
279,280,Jamie Hayden,41,vrogers@example.net,2021-10-23,2022-07-13,88,36.71,Mobile,East Eric
280,281,Alexis Haney,thirty-five,ehenry@example.org,2022-01-04,2022-11-10,26,93.65,Mobile,East Jennife
281,forty-five,Ryan Montgomery,twenty-five,missing,2023-04-18,2023-09-13,99,,Desktop,West Joshua
282,283,Jeffrey Andrews,22,richardperez@example.net,2023/12/01,2023-10-19,9,99.52,Desktopx,Frankfort
283,284,Tiffany Mcdaniel,34,jason11@example.com,2023-09-10,2023-11-16,48,97.88,Desktopx,Michaelton
284,285,Anthony Ward,29,michael20@example.net,2023-11-28,2023-12-19,70,59.43,Mobile,Ashleymouth
285,286,Oscar Cabrerax,26,rowepaul@example.org,2021-11-10,2023-09-17,17,73.36,Desktop,Dianaside
286,287,Melissa Hill,40,kmartin@example.org,2022-01-20,2022-02-19,72,53.68,Desktop,North Calvinchester
287,288,Julia Rios,26,ndawson@example.org,2023-10-04,2023-11-05,73,25.02,Mobile,North Danielmouth
288,289,James Blair,63,steven11@example.org,2021-03-16,2023-04-03,72,49.8,Desktop,Jonesmouth
289,290,Clayton Kent,28,hahnjacob@example.net,2023-03-07,2023-04-16,61,94.93,Mobile,South Dennis
290,291,Vanessa Washingto,65,missing,2022-12-11,2023-03-18,78,39.67,Deskto,Jamesfurt
291,292,Jody Fowler,20,gillmegan@example.org,2022-07-29,2023-12-14,19,44.52,Desktop,Allenfurt
292,293,Ashley Collins,68,donald24@example.org,2023-06-22,2023-12-17,2,27.34,Desktop,North Justin
293,294,Aaron Jenkins,22,daniellebrown@example.com,2022-12-04,2023-01-21,25,50.77,Mobile,Port Sarah
294,295,Michael Nola,25,,2022-07-07,2022-07-30,70,85.29,Mobile,New Bryan
295,296,Phillip Nguyen,47,prattangela@example.net,2023-01-16,2023-11-07,forty-five,78.31,Desktop,Garciafurt
296,297,Mrs. Brittany Hatfield,52,vcraig@example.com,2023-03-31,2023-09-26,16,71.89,Mobile,Portervill
297,298,Danielle Henson,65,ortizlawrence@example.com,2022-03-24,2022-09-15,6,28.29,Mobile,Cameronville
298,299,John Castillo,56,,2021-04-12,2021-10-08,74,95.63,Mobile,Williamside
299,thirty-five,Laura Wiggins,56,wjohnston@example.com,2021-10-27,2022-01-05,3,98.67,Desktop,East Jonstad
300,301,Mr. Brian King,20,chad56@example.com,2021-01-06,2023-08-18,66,78.02,Mobile,North Jessica
301,302,Heather Mathis,32,smithshannon@example.com,2021-07-17,2023-09-11,6,86.82,Desktop,Carneymouthx
302,303,Natalie Todd,56,simpsonryan@example.org,2022-05-03,2023-05-15,73,36.87,Mobile,Andreaburgh
303,304,Jennifer Smith,65,oreid@example.com,2022-01-05,2023/12/01,74,56.17,Mobile,
304,twenty-five,Michael Wade,64,tiffanynunez@example.com,wrong_date,,twenty-five,71.22,Desktop,East Matthewton
305,306,Bradley Taylor,26,pfuentes@example.org,2023-01-07,2023-03-10,52,73.3,Desktop,Hughesmouth
306,307,Nicole Par,21,robert19@example.org,2021-08-30,2021-12-29,9,74.65,Mobilex,Webbmouth
307,308,Ryan Petty,69,lindseyjohnson@example.com,2021-01-10,2021-02-03,81,,Desktop,Mcdonaldshire
308,309,James Rojas,43,robert28@example.com,2021-04-11,2023-10-05,79,82.31,Mobile,South Victoriabury
309,310,Aaron Smith,50,camposelizabeth@example.com,,,1,41.86,Desktop,Brownbury
310,311,Robin Rodriguezx,42,combsjacob@example.net,2022-05-15,2022-12-04,9,41.19,Mobile,Williamsside
311,312,Duane Soto,53,jessica20@example.net,2022-04-14,2022-07-25,88,94.46,Mobile,New Teresa
312,313,Jennifer Klein,34,angela83@example.org,2022-02-07,2023-08-05,16,65.26,Desktop,West Adrianastad
313,314,Thomas Rodriguez,62,rvargas@example.com,2021-12-24,wrong_date,thirty-five,76.86,Desktop,Brianfurt
314,315,David Cox MD,60,zsherman@example.com,2023/12/01,2023-12-14,88,62.56,Desktop,Port Annaland
315,316,Elizabeth Riggs,34,lisafarrell@example.org,2021-04-29,2022-12-02,forty-five,38.29,Desktop,North Brenda
316,twenty-five,Jeff Allen,forty-five,shelby77@example.org,2023-02-15,2023-12-23,twenty-five,59.0,Desktop,Adamfort
317,thirty-five,Anthony Cunningham,twenty-five,christopherwerner@example.net,2023-02-24,,16,60.48,Desktop,New Michael
318,319,Heather Miller,66,gutierrezrobert@example.com,2021-08-03,2021-10-30,24,32.54,Mobile,Jenkinschester
319,320,Alejandro Lopez,49,jacobslindsay@example.com,2022-12-17,2023-04-14,61,26.99,Desktop,Joshuastad
320,321,Jordan Brooks,56,sarahhiggins@example.com,2022-04-05,2022-04-19,55,75.41,Desktop,Sarahvill
321,322,Dawn Russo,48,smiller@example.com,2022-06-08,2022-10-09,76,72.08x,Desktop,Kimberlystadx
322,323,Melissa Stevenson,twenty-five,mcdonaldjamie@example.com,2021-04-04,2022-08-06,37,31.82,Mobile,East William
323,forty-five,Christina Juarez,21,wilkersoncharles@example.com,2023-05-03,2023-05-12,12,64.34,Mobile,Jonathanmouth
324,325,Mark Ball,forty-five,mporter@example.com,2023/12/01,2023-12-09,33,57.93,Mobile,Jenniferberg
325,326,Daniel Russell,thirty-five,bramsey@example.org,2023-08-31,2023-09-07,16,95.84,Desktop,Lake Robertview
326,327,Stephen Hernandez,20,missing,2021-04-17,2022-12-06,80,81.16,Mobile,North Felicia
327,328,Joseph Pearso,49,lopezmegan@example.net,2022-03-19,2023/12/01,35,42.,Desktop,East Sarah
328,329,Mr. Joshua Davis,18,corey73@example.org,2022-03-13,2023-07-18,21,,Desktop,Sueland
329,330,Brian Lucas,42,imayer@example.org,2023-09-06,2023-12-19,twenty-five,33.23,Desktop,West Jacob
330,331,Casey Myers,49,adkinsdouglas@example.net,2021-06-07,2023-04-28,18,69.26,Desktop,Obrienbury
331,forty-five,Willie Harris,56,medinakatherine@example.net,2021-10-23,2023-01-17,60,78.09,Desktop,Cassandrafort
332,333,Jason Andrews,29,,2021-07-09,2021-12-19,39,76.0,Mobile,Wilsonhaven
333,334,Emily Gordon,34,lewisangela@example.com,wrong_date,2023-05-21,43,80.27,Mobile,Lake Sharonton
334,335,Richard Parsons,25,iestrada@example.org,2023-07-23,2023-08-01,61,57.69,Desktop,Port Shawn
335,thirty-five,Heather Torresx,57,rodneygarcia@example.net,2023-03-14,2023-08-13,thirty-five,71.69,Mobile,South Connie
336,337,Gregory Fisher,43,keith96@example.net,2023-04-01,wrong_date,94,70.98,Mobile,Lake Christinamouth
337,twenty-five,Zoe Kidd,twenty-five,cruzchristian@example.net,wrong_date,2023-11-24,54,93.75,Desktop,Lake Jasonmouth
338,339,Tony Gonzalez,29,fordelizabeth@example.org,2022-09-26,2023-01-13,8,43.11,Mobile,Youngport
339,thirty-five,Ryan Vasquez,58,vdelgado@example.net,2021-06-16,2023-01-30,41,74.85,Desktop,
340,341,Elijah Gonzalez,twenty-five,justinsmith@example.net,2023-09-09,2023-10-16,46,22.2,Desktop,New Georgefort
341,342,Kevin Beck,twenty-five,oliviawagner@example.com,2021-06-03,,86,33.85,Mobile,Allisonfort
342,343,Anne Kane,35,dking@example.com,wrong_date,2023-06-10,thirty-five,76.64x,Desktop,Sharonshire
343,344,Brad Miller,48,emily91@example.org,2022-10-18,2023-04-15,30,80.86,Mobile,West Juliabury
344,345,Robert Lee,68,smithlinda@example.org,2022-12-02,2023-06-05,75,,Desktop,North Sarahberg
345,346,Lisa Compton,50,lmills@example.net,2023-06-23,2023-08-26,36,39.39,Desktop,North Pamelaview
346,347,James Perez,41,grose@example.org,2023-01-16,2023-12-16,37,29.14,Mobile,New Matthewmouth
347,348,Zachary Roy,67,zwhite,2023-01-08,2023-12-03,7,37.2,Desktop,Ayersfort
348,forty-five,Norma Patel,44,deborah01@example.org,2023-11-06,2023-12-06,36,47.35,Mobile,Nixonhaven
349,350,Tina Carter,66,kyle72@example.com,2022-01-24,2023-08-07,26,43.71,Mobile,Erinmouth
350,351,Dr. Connor Johns M,60,denisesullivan@example.net,2023-06-30,2023-07-24,thirty-five,72.39,Mobile,New Lisa
351,352,Jeffrey Carroll,28,imiranda@example.com,2023-11-11,2023-12-23,95,84.26,Desktop,Spencerton
352,353,Ashley Simon,22,,2021-08-24,2023/12/01,35,96.36,Desktop,Shelbyborough
353,354,Andrea Stone,twenty-five,isaac83@example.org,,2022-09-18,36,81.42,Desktop,Port Clintonberg
354,355,Joshua Anderson,63,haleycory@example.net,2022-09-24,2022-12-31,88,41.29,Mobilex,Port Susantown
355,forty-five,Felicia Calderon,55,carlosmartin@example.com,2022-08-05,2023-03-08,thirty-five,60.39,Desktop,Port Eri
356,357,Jessica Phillips,29,ewhite@example.com,2022-08-16,2022-09-10,46,81.78,Mobile,South Kristen
357,358,David Black,21,rileytyler@example.org,2021-08-29,2022-10-27,36,43.9,Mobile,Cooperborough
358,359,Evelyn Gallagher,24,aaronturner@example.net,2022-09-12,2023/12/01,51,27.98,Mobile,Jasminefort
359,360,Joshua White,40,william67@example.net,2023-12-02,2023-12-04,35,73.,Mobile,Gregoryfurt
360,thirty-five,Raymond Cervantes,twenty-five,smithjames@example.org,2022-01-08,2023-10-27,thirty-five,45.69,Mobile,Penaview
361,362,Patrick Wang MD,48,gjordan@example.com,2021-03-08,2023-11-29,20,69.32,Desktop,West Michael
362,363,William Donaldson,54,keith93@example.net,2023-11-29,2023-12-09,23,91.21,Desktop,South Samantha
363,364,Jessica Clark,52,estesdonald@example.net,2022-01-23,2023-09-20,thirty-five,72.48,Desktop,South Angela
364,365,Donald Douglas,47,james35@example.com,2022-04-18,2023-08-20,54,96.01,Desktop,New John
365,366,Nicholas Edwards,50,susanross@example.net,2021-08-19,2022-06-20,56,56.13,Mobilex,Lake Sharon
366,367,Paula Mendoza,forty-five,patricia75@example.org,2021-11-08,2022-05-06,forty-five,67.42,Mobile,Lake Bethberg
367,368,Anthony Ball,64,,2021-07-17,2022-09-17,46,97.45x,Desktop,South Staceyburgh
368,twenty-five,Deborah Mclaughlin,58,timothyrivera@example.org,2022-08-12,2023-03-27,19,38.04,Mobile,Joshuamouth
369,370,Nicholas Bell,24,jason77@example.com,2023-01-10,2023-08-18,forty-five,49.29,Desktop,Dianaberg
370,371,Erica Davi,36,bryankevin@example.net,2022-05-29,2023-05-05,forty-five,98.8,Desktop,North Donald
371,forty-five,Jack Turner,68,angelavelazquez@example.net,2022-01-08,2023-02-05,71,82.75,Mobile,North Christy
372,373,Thomas Ruiz,52,ymcdonald@example.com,2022-11-03,2023-01-17,36,91.77,Desktop,Lake Bridget
373,374,Steven Frazier,54,dpowell@example.net,2023-04-14,2023-12-12,32,29.55,Mobile,New Christopherfort
374,375,Douglas Wintersx,37,mathew20@example.net,2023-01-03,2023-01-10,65,98.29,Desktop,New Connormout
375,376,Katherine Thompson,50,missing,2021-08-01,2023-09-24,78,95.75,Desktop,South Moniquetown
376,377,Brenda Reeves,34,todd22@example.net,2023-02-26,2023-09-01,2,91.07,Desktop,Joseshire
377,378,Timothy Coleman,49,gregory50@example.com,2021-09-07,2021-11-21,28,76.3,Mobile,North Paulafurt
378,thirty-five,Jason Carter MD,28,corey87@example.com,2021-09-18,2022-08-16,57,93.99,Mobile,Huffmanfur
379,380,Sabrina Cruz,20,ramseyjason@example.net,2021-07-21,2023-11-01,57,37.72,Mobile,South Caitlinborough
380,381,Aaron Rice,43,butlerlaurie@example.net,2022-01-19,2023-02-12,98,71.13,Mobile,
381,382,Billy Knight,41,patrick56@example.org,,wrong_date,23,52.05,Desktop,Bradleyborough
382,383,Chelsea Howar,44,burnsbetty@example.org,2021-10-20,2022-11-08,42,50.39,Mobile,Carrieport
383,384,Megan Alvarado,38,wanderson@example.com,2023-04-24,2023-12-23,85,24.51,Mobile,Chloecheste
384,385,Jasmine Mccarty,69,kevinpierce@example.org,2022-11-16,2023-04-12,twenty-five,51.61,Desktopx,Jennifertown
385,386,Kayla Flynn,47,anna74@example.com,2022-07-05,2023-05-17,83,92.38,Desktop,Fishershire
386,387,Derek Nelson,46,bhuff@example.org,2021-04-24,2023-07-16,43,49.07,Deskto,Williamsmouth
387,388,Sydney Moore,40,ffischer@example.org,2023-06-01,2023-11-10,85,58.26,Desktop,West Cindy
388,389,Kenneth Allen,forty-five,vfranklin@example.org,2021-09-18,2022-04-07,7,25.13,Mobile,Reginaburgh
389,390,Jordan Lynch,19,swells@example.com,2021-07-04,2023-07-29,19,62.62,Desktop,Port Franciscomouth
390,391,Sonya Horton,68,thomasdavidson@example.com,2023-07-27,2023-11-26,47,36.13,Desktop,West Matthewchester
391,thirty-five,Joseph Rodriguez,36,,2022-09-25,2023-09-11,57,56.68,Desktopx,East Joseph
392,393,Mark Richmond,60,missing,2021-09-28,2023-04-02,25,29.58,Mobile,West Brian
393,thirty-five,Douglas Buchanan,32,nathanking@example.net,2022-02-27,2022-03-08,94,41.63,Mobile,East Beckyfor
394,395,Patricia Taylorx,65,garnersamantha@example.net,2023-01-22,2023-04-09,71,80.75,Mobile,Lake Peggyview
395,396,Kelly Allen,32,tamararandolph@example.net,2023-03-27,2023-12-13,65,23.47,Mobile,Kaylashire
396,397,Casey Avila,27,higginsphillip@example.com,2023-09-15,2023-11-07,19,39.23,Desktop,New Paula
397,forty-five,Marcus Hunter,24,jamesbarbara@example.com,2022-04-26,,5,22.63,Desktop,North Andrehaven
398,399,Emma Peterson,twenty-five,allenpaul@example.com,2023/12/01,2022-03-15,24,46.34,Mobile,Robertstonx
399,400,Veronica Lyons,49,deannawillis@example.com,2023-01-03,2023-03-27,35,80.97,Mobile,Davidtow
400,401,Alec Fry,53,logansarah@example.net,2021-10-24,2023-08-19,94,79.6,Mobile,Port Melanieton
401,402,Justin Black,43,ellisonkaren@example.net,2021-07-14,2023-02-11,42,56.88,Desktop,Antoniomouth
402,thirty-five,William Powell,22,shahjames@example.org,2021-03-19,2023/12/01,63,79.43,Desktop,North Rhonda
403,404,Sandra Shelton,51,simsanne@example.net,2021-06-26,2022-11-11,twenty-five,48.32,Desktop,Banksfort
404,405,Bradley Gardner,47,zwhite@example.com,2022-12-27,2023-09-10,43,87.51,Mobile,West Steven
405,406,Tracy Robinson,34,maria12@example.net,2022-03-18,2023-12-23,42,66.63,Desktop,Vanessaville
406,407,Robert Miller,29,piercecynthia@example.org,2021-06-01,2023-12-11,90,92.42,Desktop,Lake Carrieborough
407,408,Rachel Leex,55,james08@example.com,2022-11-18,2023-04-21,58,39.32,Mobile,Nicholasmouth
408,409,Travis Faulkne,30,barryjoshua@example.com,2021-03-14,2021-10-13,64,63.65x,Mobile,West Kellybury
409,410,Katherine Montgomery,62,carolcunningham@example.org,2021-06-28,2022-12-13,93,42.77,Mobile,Jeremymouth
410,411,Sandra Smith,54,arthur70@example.com,2022-01-25,2023-09-21,52,,Desktop,Brownville
411,412,Brittney Kim,33,donald57@example.com,2023-05-26,2023/12/01,49,58.13,Mobile,Stephanieport
412,413,Amy Johnson,forty-five,floresgary@example.com,2022-06-20,2022-11-27,31,96.35,Mobile,Reginafurt
413,414,David Tucker,37,nallen@example.net,2023-01-27,2023-05-28,26,42.39,Desktop,North Jeff
414,twenty-five,David Sims,24,cooleycrystal@example.org,2022-10-01,2023-10-12,forty-five,58.2,Desktop,Jocelynber
415,416,Jocelyn Griffin,55,kathy59@example.net,2021-07-06,2022-09-02,7,89.07x,Mobile,New Debbiemouth
416,417,Anthony Brown,44,luis84@example.org,2022-03-18,2023-09-12,65,62.15,Mobile,Stephensville
417,418,Christina Davis,51,megan98@example.com,2021-06-09,2022-04-21,81,29.47,Desktop,West Markville
418,419,Timothy Brown,57,jensenjohn@example.org,2021-05-13,2023-05-15,6,99.83,Desktop,North Peterberg
419,420,Jasmine Cordova,56,,2023-12-01,2023-12-18,80,82.56,Desktop,East Annettemouth
420,421,Jeffrey Wood,twenty-five,angelicalynch@example.org,,2023-04-09,60,50.09,Desktop,Port Roger
421,422,Kristi Golden,68,shawnhowell@example.net,2022-09-26,2023-05-25,28,42.79,Desktop,East Kathryntown
422,thirty-five,Linda Rodgers,57,shieldsnicholas@example.com,2022-09-03,2022-11-27,3,20.72,,Campbellport
423,424,Christina Douglas,32,devongreen@example.com,2021-11-05,,86,25.43,Mobile,Harriston
424,425,Collin Barajas,68,michaelyvette@example.com,,2022-09-10,16,58.,Desktop,Richardsborough
425,426,Morgan Edwards,59,carterdamon@example.com,2022-12-13,2023-07-27,5,43.94,Mobile,South Chad
426,twenty-five,Dana Williamson,twenty-five,tracy48@example.net,2022-09-29,2023-05-13,50,32.18,Desktop,North Susanchester
427,428,Gabriel Moorex,61,wrightkristen@example.net,2022-09-30,2023-06-30,forty-five,98.59,Mobile,Port Jimmy
428,thirty-five,Robert Bauer,59,brian78@example.org,2022-03-22,2022-06-27,48,38.09,Desktopx,Port Danaside
429,430,Paula Warren,27,dgarrison@example.org,2023-03-11,2023-04-03,83,87.19,Desktop,West Shannon
430,431,Rebecca Moss,61,jessicamclaughlin@example.com,2023-07-31,2023-08-01,12,43.82,Desktop,Chelseatown
431,432,Thomas Kelley,thirty-five,deborahcollier@example.org,2022-05-30,2022-11-22,91,73.3,Mobile,New Jennifer
432,433,John Martin,63,kmartin@example.org,2022-04-07,2023-05-11,thirty-five,67.38x,Mobile,Richardsstad
433,434,Andrew Michael,65,lowemorgan@example.org,2023-03-08,2023-06-07,30,23.34,Mobile,Joshuafort
434,435,Krystal Smith,47,pwhite@example.org,2022-12-21,2023-08-17,30,49.61,Desktop,
435,436,Brian Newmanx,45,brittanydelgado@example.org,2022-05-24,2023-06-16,40,96.26x,Desktop,West Benjamin
436,forty-five,Caleb Freeman,28,steinalexandria@example.net,2022-01-29,2022-03-12,forty-five,32.68,Desktop,
437,438,Carolyn Wright,53,missing,2023/12/01,2022-10-07,12,53.24,Mobile,North David
438,439,Calvin Schwartz,63,petersonkatherine@example.com,wrong_date,2021-08-13,76,45.03,Mobilex,East Candace
439,440,Monica Miller,thirty-five,wyattterry@example.org,2021-12-11,2022-07-28,8,37.61,,West Sandra
440,441,Kenneth Edwards,24,taylor17@example.com,2023-10-27,2023/12/01,forty-five,83.74,Mobile,Danaview
441,442,Dr. John Thomas,38,luiscortez@example.org,2021-06-04,2022-09-05,58,68.03x,Desktop,Sherritown
442,443,Andrew Hardy,23,cindy03@example.org,2021-12-29,2023-06-26,twenty-five,49.89,Desktop,Howardhaven
443,444,Daniel Wilson,49,dianecisneros,2022-04-02,2023-12-07,48,72.86,Desktop,Lanestad
444,445,James Jonesx,44,angela29@example.net,,2022-09-10,14,91.39,Desktop,East Kathleen
445,twenty-five,Natalie Floyd,20,fieldskelsey@example.net,2021-07-29,2023-10-06,75,96.17,Mobile,East Anit
446,447,Kendra Morris,twenty-five,nicole27@example.net,2022-03-05,2022-12-11,2,54.64,Desktop,Kimberlyland
447,448,Chad Lawrence,21,,2021-05-17,2023-02-09,77,93.1,Mobile,Stephaniemouth
448,449,Olivia Compton,67,allenperry@example.net,2022-08-17,2023-07-06,57,67.61,Desktop,West Phillipland
449,450,Heather Martin,60,dillonjulia@example.com,2022-02-26,wrong_date,25,99.1,Desktop,Katelynstadx
450,451,Christopher Hayes,64,wwilliams@example.com,2021-11-17,2023-02-02,77,53.25x,Mobile,North Cheryl
451,452,Sheryl Chen,26,robert02@example.org,2023-07-17,2023-07-23,47,58.69,Desktop,Dominguezfort
452,453,Mark Sanchez,49,pkey@example.net,2023-05-03,2023-12-19,1,42.61,Desktop,East Christian
453,454,Katherine Barnett,52,lopezandrew@example.org,2021-01-19,2023-09-11,98,84.77,Desktop,West Scottshire
454,455,Zachary Walker,27,missing,2023-04-04,2023-10-02,74,,Mobile,West Jose
455,456,Evan Downs,70,robert38@example.com,2022-12-02,2023-12-18,58,92.55,Desktop,Schultzville
456,457,Kimberly Jones,53,wnewman@example.net,2023-01-31,2023-08-13,35,58.83,Mobile,Laneview
457,458,Eric Mullins,64,raymond99@example.com,2022-03-25,2023/12/01,43,39.47,Mobile,East Albert
458,459,Olivia Shah,54,mhodges@example.org,2023-06-19,2023-09-06,23,21.63,Mobile,New Roberta
459,twenty-five,Emily Singh,18,michael73@example.org,2021-11-29,2023/12/01,47,24.44,Desktop,Port Daniel
460,461,Johnny Diaz,29,robertsoncole@example.org,2022-09-05,2023-01-06,55,23.29,Desktop,Lake Dawnfort
461,462,Margaret Munoz,26,xjennings@example.com,,2022-09-01,71,53.99,Desktop,Isabellamouth
462,463,Gregory Cobb,40,clarkdebra@example.org,2023-07-25,2023-08-24,44,33.34,Desktop,Port Lauraville
463,464,Melissa Lopez,22,missing,2022-10-20,2023-09-01,forty-five,54.01,Desktop,North Christopherville
464,465,Marie Robbins,63,,2022-09-28,2023-12-18,18,23.28,Mobile,Hayesfort
465,466,Charles Edwards,38,tyrone89@example.com,2022-10-12,2023-04-03,13,86.26,Mobile,New Anthonyburgh
466,forty-five,Megan Mcdaniel,46,elliottamy@example.com,2023-11-27,2023-12-02,16,,Mobile,Valerieshire
467,468,Harold Campbell,56,richardcarter@example.com,2022-12-18,2023-10-24,3,,Desktop,Mooreborough
468,469,Andrew Jones,21,annepugh@example.org,2023-04-13,2023-11-01,77,65.6,Mobile,Robertmouthx
469,470,Patrick Barnes,30,mendozajasmine@example.net,2021-02-17,2022-04-08,45,88.02,Mobile,Port Annafort
470,471,Laura Carpenter,62,missing,2023-01-23,2023-02-03,8,74.3,Mobile,Mirandaton
471,472,Charles Weaver,forty-five,kennethshepherd@example.com,2021-03-14,2023-01-20,67,48.1,Deskto,Coryhavenx
472,473,Elizabeth Castro,67,kyoung,2022-04-10,,forty-five,28.32,Mobile,North Christianside
473,474,Rachel Pena,60,gpatel@example.com,2023/12/01,2023-11-03,33,31.88,Mobile,Carolynberg
474,475,Jennifer Stone,19,missing,2021-02-22,2022-05-16,thirty-five,39.39,Mobile,Saraborough
475,476,Kristin Miller,22,wesley56@example.org,2022-02-08,2023-04-14,94,61.19,Mobile,West Adam
476,477,Tracy Pierce,62,marcus43@example.com,2021-06-15,2023/12/01,25,84.07,Mobile,Boltonland
477,478,Tony Guzman,20,idiaz@example.org,2022-04-02,2023-06-19,69,70.03,Desktop,North Travisport
478,479,Natalie Butler,28,missing,2022-02-18,2023-09-02,62,59.05,Desktop,Lake Zacharymouth
479,480,Gregg Johnson,68,samuel49,2022-03-30,2022-12-04,70,41.98,,Port Meredithbury
480,481,Jason Romero,21,richard90@example.org,2022-02-12,2022-05-08,91,88.82,Mobile,Maryside
481,482,Mr. Lucas Massey,30,anita82@example.net,2022-10-07,2023-11-22,83,67.76,Mobile,Port Michael
482,483,Luis Gray PhD,46,warrenthomas@example.net,2023-11-20,2023-12-06,11,94.55,Mobile,
483,484,Jeremy House,54,carol07@example.org,2022-01-18,2023-12-07,69,57.8,Mobile,South Gabrielleville
484,485,Phillip Long,26,bphillips@example.net,2023/12/01,2023-06-25,twenty-five,71.15,Desktop,
485,486,Tyrone Millerx,22,blane,2022-04-11,wrong_date,79,57.39,Mobile,
486,487,Barbara Perkins,50,kcastillo@example.com,2021-01-16,2022-11-21,83,27.33,Desktop,Prestonberg
487,488,Thomas Cross,61,jasondavis@example.org,,2022-06-24,35,24.27,Mobile,Michaelstad
488,489,Jason Weiss,thirty-five,brownteresa@example.net,2022-01-14,2023-07-03,57,95.43,Desktop,Amyview
489,490,Maria Farmer,32,jonathanday@example.net,2023-07-17,2023-08-26,12,35.66,Desktop,Kevinshire
490,forty-five,Brandon Garcia,47,mwoods@example.com,2021-04-26,2021-07-11,forty-five,49.03x,Desktop,Josephchester
491,twenty-five,Chad Davis,36,justin63@example.net,2022-06-10,2023-07-18,26,77.43,Mobile,Steventon
492,493,Melissa Nash,45,,2022-11-15,2023-12-17,61,39.56,Deskto,Ramirezmouth
493,494,Michael Coleman,29,tvasquez@example.com,2023-02-02,2023-03-13,77,45.4,Desktopx,Veronicaville
494,495,Gene Johnson,39,heathercrawford@example.com,2021-04-04,2023-12-04,39,22.78,Desktop,New Matthew
495,496,Jeffrey Mcclain,50,sarahlynch@example.com,2023-01-31,2023-08-05,96,45.4,Desktop,North Benjaminfurt
496,497,,19,timothy07@example.org,2023/12/01,2023/12/01,68,57.81,Desktop,New Michaelport
497,498,Thomas Ramsey,67,andradetammy@example.net,2022-05-24,2022-06-05,51,81.05,Desktop,South Brooke
498,499,Dr. Michael Bennett II,53,missing,2023-06-07,,95,61.77,Mobile,South Joh
499,500,Walter Stark,31,holmeschristina@example.net,2023-06-27,2023-07-14,13,39.63,Desktopx,West Gregory
500,501,Edward Hammond,28,kjacobs@example.org,2022-07-15,2022-12-04,70,98.46,Desktop,Craigtownx
501,502,Leah Irwin,37,patriciaerickson@example.org,2023-11-12,2023-11-27,63,72.06,Mobile,West Matthew
502,503,Bethany Collierx,33,jaredclark@example.com,,,85,68.53,Desktop,Maldonadoville
503,504,Damon Phillips,51,jessica84@example.org,2022-02-08,2022-08-04,85,75.04,Mobile,West Elizabeth
504,505,Timothy Parks,32,dcooper@example.org,2023-05-02,2023-08-03,93,42.04,Desktop,Mayerburyx
505,506,Heather Ferguson,52,christopherhamilton@example.com,2023-10-05,2023-12-05,38,83.03,Mobile,West Christopher
506,507,Jeffrey Christensen,twenty-five,joseph11@example.net,2022-10-28,2023-01-16,51,36.68,Desktop,
507,508,Keith Bryant,28,dthomas@example.com,2022-09-12,2023-10-19,97,85.14,Desktop,North Joshualand
508,forty-five,Andrea Haynes,60,ashley53@example.com,2023-07-08,wrong_date,96,87.31,Desktop,Morrowville
509,510,Alicia Little,34,,2022-05-05,2023-03-14,97,58.67,Desktop,New Raymondmouth
510,511,Jacob Richardson,38,kathryn52@example.com,2023-09-27,2023-12-03,thirty-five,50.57,Mobile,Rayportx
511,512,Michelle Nelson,33,missing,2022-05-21,2023-05-19,39,36.84,Desktop,New Danielshire
512,513,Destiny Jimenez,21,smithricardo@example.com,2022-07-07,2023-08-25,4,56.72,Mobile,Lake Jennifer
513,514,John Carter,61,matthew73@example.com,wrong_date,2023-08-09,32,73.79,Desktop,Jodiport
514,forty-five,Jason Werner,40,brandonwong@example.org,2021-03-19,2022-06-28,38,99.0,Mobile,North Brandonport
515,516,Wendy Sullivan,42,vbutler@example.com,2023-05-19,2023-11-14,62,51.59,,Port Katherinefurt
516,517,Blake Decker,50,lauraelliott@example.net,2023-02-22,2023-03-19,47,99.83,Mobile,
517,518,Jocelyn James,69,joel73@example.com,2022-05-06,2022-07-26,22,65.33,Desktop,Smithhaven
518,519,Tiffany Stewart,64,chapmanjames@example.org,2021-02-12,2023-09-16,31,93.05,Mobile,North Joemouth
519,520,Robert Moore,32,cookjanet@example.org,2022-05-29,2023-03-18,2,90.71,Desktop,Johnport
520,521,,37,missing,2021-07-24,wrong_date,68,71.15x,Desktop,
521,522,Timothy Powell,thirty-five,adam53@example.org,2022-02-09,2022-12-18,24,44.64,Desktop,New Philipberg
522,523,Elizabeth Ford,36,csmith@example.com,2023-09-05,2023-10-17,29,67.97,Mobile,Johnsonton
523,524,Heidi Medina,thirty-five,tylerchandler@example.com,2023-03-05,2023-11-03,27,56.13,Desktop,West Markstad
524,525,John Lester,18,rebecca44@example.org,2023-10-24,2023-11-23,79,37.85,Desktop,East Maria
525,526,Michael Crosby,61,webbshannon@example.org,2021-06-12,2021-06-12,79,78.6,Desktop,East Gary
526,527,Janet Garcia,49,xjames@example.net,2022-12-18,2023-06-26,19,83.77,Mobile,West Timothyburgh
527,528,Walter Baxter,twenty-five,butlerrobert@example.com,2023-11-12,2023-12-21,13,86.02,Mobile,Williamburgh
528,529,Scott Miller,63,missing,wrong_date,2023-03-21,46,64.77,Mobilex,Gutierrezside
529,530,Felicia Martinez,40,qdavis@example.net,2021-04-11,2023-11-03,91,66.23,Mobile,Millsmouth
530,forty-five,Maria Mitchell,23,richard18@example.com,2022-10-25,2023-07-09,44,83.74,Desktop,South Michaelfurt
531,532,Joseph Brown,21,tayloralison@example.org,2023-02-27,wrong_date,47,40.8,Mobile,Rogershaven
532,533,Timothy Johnson,56,thomasturner@example.net,2023-01-22,,24,74.18,Desktop,Wrightton
533,534,Kaitlyn Hick,forty-five,mark57@example.com,2021-11-12,,75,84.05,Desktop,South Michaelmouth
534,535,Ronald Yates PhD,59,,2022-09-05,2023-07-21,17,87.3,Desktop,Cynthiastad
535,forty-five,Angelica Dougherty,58,fmorris@example.com,2021-05-13,2023/12/01,74,83.81,,Nicoleborough
536,537,Christy Peterso,59,cordovaregina,2021-01-25,2023-04-29,90,80.24,,East Melvin
537,538,Sharon Patterson MD,27,jensendylan@example.net,,2023-09-01,49,52.84,Desktop,East Williamhaven
538,539,Christina Osborne,30,amanda99@example.net,wrong_date,2023-12-23,98,85.45,Desktop,West Lorimouth
539,540,Stephanie Figueroa,thirty-five,eperez@example.com,2022-11-29,2023-05-16,46,94.41,Desktop,Kennethburgh
540,541,Wendy Martinez,30,odixon@example.org,2023-02-19,2023-02-22,48,29.45,Mobile,Lake Lindseyview
541,542,John Johnson DDS,53,zgomez@example.com,2022-07-01,2022-08-19,58,33.34,Desktop,Andreabury
542,543,Dawn Saunders,60,storres@example.net,2022-09-13,2023-03-29,21,82.56,Mobile,Loganfort
543,544,Jason Hernandez,38,lisamatthews@example.net,2023-10-06,2023-12-17,87,97.73,Mobile,Craigville
544,545,Dennis Mann,51,scottelliott@example.net,2021-03-29,2023-04-27,32,41.24,Desktop,East Angelaton
545,546,James Nguyen,twenty-five,michaeljohnson@example.com,2021-08-16,2023-02-28,81,81.44,Mobile,East Danielside
546,547,Charles Garcia,thirty-five,richardunderwood@example.org,2023/12/01,2023/12/01,thirty-five,94.26,Mobile,Calderonborough
547,548,Matthew Price,25,terrelllawrence@example.com,2022-06-27,2022-08-20,41,93.55,Mobile,Phillipsville
548,549,Lindsey Lee,46,colejeremiah@example.org,,2022-08-29,13,87.79,Mobile,Medinahaven
549,550,Melissa Bruce,47,qsanders@example.net,2023-10-06,2023-11-11,70,21.02,Desktop,Sandramouth
550,forty-five,Leah Weeks,20,bettystafford@example.com,2023-09-27,2023-11-16,51,87.5,Mobile,East Autumnmouthx
551,552,Brian Clark,27,lori67@example.org,2021-06-09,2023-07-28,68,50.69,Mobile,East Kevi
552,553,Lauren Rhodes,57,missing,wrong_date,2023-05-22,84,54.31,Mobile,Carrollfur
553,554,,57,james50@example.net,2021-07-30,2022-09-04,52,86.59,Mobile,New Jamiefurt
554,555,Bradley Simon,34,brian95@example.net,2023-09-09,2023-12-09,67,84.52,,Virginiafort
555,556,Rebecca Tucker,46,missing,2022-09-29,2022-12-20,94,63.53,Mobile,Rhondashire
556,557,David Roberts,31,ramirezjessica@example.com,2022-05-27,2023-01-13,12,68.89,Desktop,Krystaltown
557,558,Thomas Medina,66,otorres@example.net,2021-05-05,,12,71.72,Mobile,Perryhaven
558,559,Gary Thompson,55,angela43@example.com,2022-09-10,2023-04-29,81,41.0,Desktop,Nixonhaven
559,560,Kevin Mathis,43,adamslindsay@example.com,2021-05-29,2022-09-02,82,39.56,Desktop,Steveshirex
560,561,Robert Brady,21,,2022-06-27,2023-08-23,94,76.37,Desktop,Port Joshuamouth
561,562,Reginald Rees,35,fbarnes@example.org,2022-05-11,2022-09-08,22,89.11,Desktop,New Rebecca
562,563,Edward Ferguson,23,rick80@example.org,2021-06-14,2023-12-17,42,34.94,Mobile,Allisontown
563,564,Samantha Robinso,59,craigbooth@example.net,2021-04-11,2022-01-20,34,65.73,Desktop,Port Michaelberg
564,565,James Green,66,jthomas@example.com,2022-06-02,2023/12/01,3,41.06,Mobile,South Justin
565,566,Jonathan Baker,65,travisduncan@example.net,2021-08-04,2023-08-12,85,47.98,Desktop,North Lance
566,567,Robert Patelx,59,deniseortega@example.net,2022-02-23,2022-09-02,92,25.5,Mobile,North Caitlin
567,568,James Gonzales,37,lauraharris@example.org,2023/12/01,2023-08-30,66,59.02,Desktop,South Timothy
568,569,Jennifer Jackson,24,ledawn@example.com,2023/12/01,2022-11-01,46,52.12,Desktop,Reedville
569,570,Ronald Stephenson,40,shepherdkathleen@example.org,2023-04-04,2023-05-24,49,60.33,Mobile,Lake Matthewfort
570,571,William Coleman,54,imoore@example.com,2021-07-23,2022-01-28,84,69.57,Mobile,East Johnberg
571,572,Audrey Douglas,twenty-five,laurenmorris@example.com,2021-12-03,2021-12-04,24,39.77,Desktop,North Jason
572,573,Jacqueline Morales,60,missing,2023-11-23,2023-12-19,56,54.69,Desktop,Millerlandx
573,574,Justin Smith,65,campbellshannon,2023/12/01,2022-09-27,77,88.41,Desktop,South Jamesburgh
574,575,Marcus Harris,43,missing,2021-04-10,,74,21.85,Mobile,East Erikville
575,576,Mr. Jeff Long,49,jessica98@example.net,2023-08-29,2023-11-11,72,94.35,Mobile,Jonathonfurt
576,577,Cindy Gomez,66,hjones@example.org,2021-01-01,2023-01-16,54,77.03,Desktop,Andersonside
577,578,Douglas Ramo,70,rebecca80@example.com,2023-12-20,2023-12-25,81,20.53,Desktop,Branchbury
578,579,Jacob Graves,45,veronicalewis@example.com,2022-10-26,2023-04-16,32,49.97,Mobile,New Jay
579,580,William Logan,24,lnorman@example.org,2022-12-13,2023-02-23,3,24.79,Desktop,Mooreville
580,thirty-five,James Lewis,42,curtisbush@example.org,2023-06-23,2023-12-20,8,55.35,Mobile,North Carolmouth
581,582,Jason Combs,57,brendahernandez@example.com,2022-02-01,2023-03-16,twenty-five,93.64,Mobile,Lake Christianmouth
582,583,Natasha Johnson,23,jason02@example.com,2021-10-16,2023-03-15,25,65.4,Mobile,Toddmouth
583,thirty-five,Chelsea Sims,34,missing,2021-02-21,2023-02-04,forty-five,64.43,Desktop,Lake Juliefortx
584,585,Angela Aguilar,38,alvarezjennifer@example.org,2021-03-05,2021-06-02,3,87.18,Desktop,New Todd
585,586,Heather Cunningham,63,donaldtaylor@example.net,2022-06-20,2023-05-26,26,31.49,Mobile,Lake Erin
586,587,Anita Sullivanx,forty-five,matthewmartinez@example.org,2023-10-15,2023-11-05,32,88.24,Mobile,Cameronland
587,588,Kimberly Thomas DDS,42,francisco97@example.org,2022-09-30,2023-03-06,46,83.86,Mobile,West Maryborough
588,589,Brittany Wood,24,ihanna@example.org,2021-02-17,2021-04-22,12,20.35,Desktop,Kellyburgh
589,590,John Olson,66,stephanie89@example.org,2021-05-21,2022-01-10,38,23.57,Mobile,Kelleytown
590,591,Nicholas Watson,56,karina40@example.com,2021-03-14,2023-10-02,37,59.03,Desktop,East Thomasland
591,592,Olivia Montgomery,62,egraham@example.com,,2023-09-14,25,98.73,Desktop,Leviland
592,593,Gina Dickson,twenty-five,morrisjonathan@example.com,2021-03-26,2023-10-22,56,31.61,Mobile,Marioshire
593,594,Eric Fernandez,59,hannahhardy@example.com,2023-09-13,2023-09-20,73,94.81,Desktop,South Sarah
594,595,Kayla Pruitt,18,charleshernandez@example.com,2023-07-10,2023-10-05,93,42.09,Mobile,Lawrenceborough
595,596,Michael Hahn,50,amandastrickland@example.net,2021-04-18,wrong_date,69,,,South Bradley
596,597,Carolyn Butler,24,brandon41@example.org,2021-03-25,2023-08-29,thirty-five,42.78,Desktop,Susanhaven
597,598,Jill Graham,45,katherinewagner@example.com,2020-12-25,2023-08-10,twenty-five,33.42,Mobile,Goldenport
598,599,Adam Livingston,37,missing,2022-09-11,2023-07-11,27,35.95,Desktop,South Davidborough
599,600,Christine Cohen,46,teresa87@example.net,2023/12/01,2023-11-27,75,34.22,Mobile,East Michaelshire
600,601,Christine Butler,49,stuartpowell@example.org,2023-07-17,2023-09-10,88,75.29,Desktop,North Paulbury
601,602,Walter Shaw,thirty-five,gilbertcaitlin@example.org,2022-02-14,2022-09-22,22,20.49,Mobile,North Terrenceburg
602,603,Jeremy Franco,40,kevinbrooks@example.com,2021-01-02,2023-08-10,3,38.88,Mobile,Maryview
603,604,Stuart Foster,59,reillykelly@example.org,2022-02-26,2022-07-23,22,30.81,Desktop,Stantonmouth
604,605,William Ramirezx,29,jenniferwilliams@example.org,wrong_date,2022-09-17,42,58.6,Desktop,Griffinshire
605,606,Alan Andrews,21,teresacastro@example.org,2022-06-16,2023-09-05,84,34.65,Mobile,North Jason
606,607,Claudia Gardner,thirty-five,mark61@example.net,2023-03-14,2023-06-25,46,38.18,Desktop,Lake Meganx
607,608,Brandon Singh,49,tracey27@example.net,2022-03-24,2023/12/01,17,64.71,Desktop,Rogersmouth
608,609,Christopher Parrish,36,katherinereyes@example.net,2023-12-04,2023-12-11,53,40.87,Desktop,Acostastad
609,610,Gabrielle Lewis,67,,2021-12-28,2022-10-15,90,45.69,Desktop,Hesterport
610,611,Gregory Ramirez,25,johnwood@example.org,2022-06-11,2022-10-01,twenty-five,44.33,Mobile,Shepherdbury
611,612,Lisa Sheppard,62,steeletaylor@example.org,,2021-07-16,8,76.26,Mobilex,Garzafurt
612,613,Todd Quinn,42,shelleydiaz@example.org,2023-01-18,2023/12/01,55,43.5,Mobile,Huntport
613,614,Alejandro Hunter,38,johnsoneric@example.org,2021-10-02,2022-09-29,71,63.59,Mobilex,Allenburgh
614,forty-five,James Robinson,47,catherine10@example.org,2022-08-10,2023-12-16,57,47.7,Desktop,Brownberg
615,616,Alexander Hicks,forty-five,eserrano@example.com,2021-08-17,2022-06-11,86,25.73,Desktop,Ryanmouth
616,617,Joe Zhang,66,timothywilkerson@example.com,wrong_date,2023-02-22,24,40.42,Mobile,Deborahside
617,618,Brittany Nunez,35,teresamills@example.org,2021-01-08,2022-10-18,34,75.56,Mobile,Jameschester
618,619,Vanessa Carter,31,missing,2021-08-15,2023-06-27,thirty-five,81.09,Mobile,South Lawrence
619,620,Ryan Ramirez,20,turnertyler@example.net,2023-02-20,2023-06-12,58,49.73,Desktop,Port Chad
620,621,Dawn Contreras,45,michelleavila@example.com,2021-10-04,wrong_date,61,37.6,Mobile,Trevinofurt
621,622,,25,edwin18@example.com,2023/12/01,2023-12-25,86,98.67,Desktop,Lake Ronald
622,twenty-five,Nicole Bates,34,michelle73@example.net,2021-11-19,2022-02-04,forty-five,35.0,Desktop,New Michael
623,624,Tanya Chavez,30,tammy10@example.com,2023-08-07,,93,71.14,,Samuelbury
624,625,Anthony Mayo,52,perezjessica@example.org,2021-05-05,2023-04-03,25,44.94,Desktop,Richardton
625,626,Brandy Blackburn,28,gillespiematthew@example.org,wrong_date,2021-09-03,30,31.65,Desktop,East Christina
626,627,John Rhodes,67,jeffrey94@example.net,2022-09-13,2023-04-09,33,65.71,Desktop,Jessicafurt
627,628,Anna Watkins,55,oochoa@example.net,2021-01-03,2023-10-29,25,93.17,Desktop,Lake Amandachester
628,629,Charles Patterson,33,simonbrittney@example.net,wrong_date,2023-05-28,78,68.28,Desktop,Rodneyfurt
629,630,Tina Miller,forty-five,morrisrenee@example.net,2023-10-26,2023-11-29,100,,Desktop,West Wayne
630,631,James Baker,22,hsimpson@example.com,2023-11-17,2023-12-12,18,79.08,Desktop,Jonesville
631,632,Tommy Smith,67,avazquez@example.net,2022-05-19,2022-10-10,28,69.79,Mobile,Port Caitlinburgh
632,633,Kenneth Carr,51,andrew86@example.net,2022-05-12,2023-02-08,82,40.36,Desktop,Roweport
633,634,Jamie George,47,isaacgraham@example.org,2021-03-22,2021-04-09,64,97.24,Desktop,Lake Kevinstad
634,635,Mark Sloan,43,ooneill@example.com,2023-02-22,2023-06-19,64,,Desktop,Port Andrewfurt
635,636,Katherine Clay,19,edwinberry@example.com,2022-08-07,2023-08-29,47,52.79,Mobile,New Matthewchester
636,637,Tara Gutierrez,39,lisa28@example.net,,2023-08-13,52,23.59,Desktop,South Brandontown
637,638,Maria Johnson,51,mlynch@example.net,2021-03-20,2023-11-08,35,35.12,Mobile,West Benjaminbury
638,639,Shannon Mcdonald,39,hudsoncourtney@example.org,2023-09-04,2023-12-18,86,30.68,Mobile,Littlestad
639,640,Jillian Weber,thirty-five,kelleredward@example.net,2021-08-31,2022-07-25,57,94.24,Mobile,Shannonton
640,641,Kimberly Kelly,66,stacy96@example.com,2023-08-13,2023-09-27,95,51.96,Desktop,Thomasshire
641,642,,26,ariel87@example.net,2023-11-13,2023-12-21,23,58.05,Mobile,Webbstad
642,643,Leah Anthony PhDx,57,christopher41@example.org,2023-04-18,2023-04-27,55,93.8,Mobile,Timothyshire
643,644,Crystal Johns,59,marvin29@example.com,2023/12/01,,12,93.94,Mobile,Raymondvie
644,645,Kevin Peterson,69,jacksonmichael@example.org,2021-02-14,2022-10-10,2,58.43,Desktop,Emilyhaven
645,646,Kristen Carr,53,floressarah@example.com,2022-10-23,2022-11-24,62,79.14,Mobile,East Tylerfurt
646,647,Angela Bauer,66,obuck@example.com,2021-11-27,2023-07-20,92,33.78,Deskto,Port Aaronport
647,648,Joshua Murray,61,kryan@example.com,2021-10-17,2022-07-01,37,29.83,Desktop,North Jason
648,649,Dakota Case,63,salvarez@example.org,2022-02-14,2022-09-27,51,61.17,Mobile,Port Aaron
649,twenty-five,Daniel Owens,53,peggyjohnson@example.com,2022-03-26,2022-11-04,19,72.34,Mobile,Millerport
650,651,Aaron Gregory,46,xnunez@example.org,2021-04-27,2023-09-16,27,42.39,Desktop,Calvinborough
651,652,Daniel Stevens,28,jenniferrivers@example.org,2023/12/01,2022-05-10,35,63.03x,Mobile,Lake Harryhaven
652,653,Kevin Johnson,21,denise66@example.net,2023-03-12,2023-07-02,92,80.14,Mobile,Sherrymouth
653,twenty-five,Andrew Johnson,63,craig83@example.com,2023-03-26,2023/12/01,83,79.37,Mobile,Shermanfort
654,655,Jennifer Phillips,38,ncook@example.org,2022-09-17,2023-11-14,49,34.65,Mobile,Quinnfurt
655,656,Clinton Lynch,26,matthew51@example.net,2021-01-23,2022-04-10,thirty-five,62.96,Desktop,Michelleton
656,657,,56,rebecca02@example.org,2023-11-20,2023-12-25,71,57.08,Desktop,North Michelle
657,658,Linda Ayala,34,ushaw@example.com,2022-12-27,2023-04-19,83,41.67,Mobile,East Mariotown
658,659,Lorraine Morris,61,daniel22@example.com,2021-06-18,2022-04-13,49,24.35,Mobile,Burkeport
659,forty-five,Robert Cervantes,32,schultzabigail@example.net,2022-02-11,2022-04-03,69,29.39,Desktop,Sierrafurt
660,661,Ryan Mcgee,52,jeffrey80@example.net,wrong_date,2022-10-11,28,39.94,Mobile,Cookberg
661,662,Jeremy Lane,62,shelby53@example.net,2023-09-24,2023-11-22,43,52.36,Mobile,
662,663,Brian Ross,forty-five,vtaylor@example.net,2023-08-05,2023-08-28,80,71.6,Desktop,
663,664,Tammy Patton,22,cneal@example.net,2022-10-18,2023-02-22,27,,Mobile,Chavezfort
664,665,Stanley Gould,26,thomasnicole@example.org,2023/12/01,2023-10-16,10,63.54,Desktop,Holdenmouth
665,666,Teresa Conner,70,krichardson@example.net,2023-06-29,2023-08-28,84,43.44,Mobile,Port Rebeccashire
666,667,Lisa Morenox,22,bmiller@example.net,2022-02-24,2023-04-21,3,65.01,Desktop,Josephchester
667,668,Tracy Williams,29,charleshayes@example.net,2022-12-27,2023-12-24,60,22.47,Desktop,Lake Jason
668,669,Christopher Murphy,66,shines@example.org,2021-01-06,2022-04-17,58,57.17,Mobile,Nelsonland
669,670,Shawn Valenzuela,41,bonnie24@example.net,2022-09-24,2023-06-18,thirty-five,42.03,Desktop,Bakerland
670,671,Scott Sampson,25,jasminecoleman@example.net,2022-05-19,2023-02-11,72,76.85,Desktop,East Lisaport
671,672,Barbara Bryant,forty-five,wyattcharles@example.com,2023-10-29,2023-11-08,67,57.72,Desktop,Bassfurt
672,673,Kelly Davi,59,lopezbradley@example.com,wrong_date,2023-06-05,47,55.04,Mobile,Wernerchester
673,674,Angela Johnson,twenty-five,,2022-03-30,wrong_date,92,20.27,Desktop,Danielside
674,675,Robert Jackson,35,jeffreywalker,2023/12/01,2023-10-25,62,94.99,Desktop,Port Jennifertown
675,676,Michael Flores,40,pwright@example.org,2023/12/01,2023-08-27,99,21.59,Desktop,Holmesside
676,677,Ashley Shepherd,56,harcher@example.com,2023-10-29,2023-11-01,18,78.11,Mobile,North Ricky
677,678,Theresa Freeman,51,jason63@example.com,2023-03-15,2023-12-01,77,,Desktop,Lake Colleenmouthx
678,679,Stephanie Rodriguez,21,missing,2023-08-11,2023-10-21,21,58.78,Desktop,New Laura
679,680,Maria Hale,36,choffman@example.net,2021-09-11,2023-07-26,87,97.96,Desktop,Melissamouth
680,681,Anthony Jones,26,missing,2022-04-06,2023/12/01,66,78.48,Mobile,North Brian
681,682,Jessica Hernandez,51,daviskara@example.com,2022-04-08,,54,30.69,Desktop,Lake Daniel
682,683,James Rosales,30,martinkenneth@example.org,2023/12/01,2023-10-28,7,38.5,Desktop,Susanfort
683,684,Mrs. Jessica Griffinx,46,ryansims@example.com,2021-05-26,2022-04-28,thirty-five,92.57,Desktop,Lake Sarah
684,685,,70,carterjon@example.net,2021-07-11,2023-02-15,40,85.33,Desktop,Ashleyshire
685,686,Sean Monroe,65,cbailey@example.org,2022-05-16,,47,61.94,Mobile,East Juliafurt
686,forty-five,,59,vkemp@example.com,2022-07-05,2022-07-12,9,88.27,Mobile,Lake Cheryl
687,688,Shirley Flores,57,michelle69@example.com,2023-10-07,2023-11-19,thirty-five,92.99,Desktop,Reeveston
688,689,Katherine Parker,45,jsmith@example.com,2023/12/01,2023-09-01,65,84.1,,New Kathleenland
689,690,Scott Clayton,69,gilbertjohnny@example.org,2023/12/01,2023-11-20,42,28.29x,Mobile,Lake William
690,691,Jeremy Diaz,36,dtorres@example.org,2023-09-29,2023-12-15,twenty-five,51.19,Desktop,Floydshire
691,692,Jennifer Nguyen,twenty-five,gdavis@example.com,2020-12-27,2021-11-21,55,78.94,Desktop,West Thomas
692,693,Amber Boyle,61,meredith11@example.com,2021-09-02,2022-04-03,93,73.0,Mobile,Sanchezside
693,694,Vincent Johnson,41,imiller@example.org,2021-12-25,wrong_date,97,30.52,Desktop,Esparzafort
694,695,Elizabeth Wells,21,dpatrick@example.org,2023-08-28,2023-10-22,46,40.77,Mobile,Port Seanview
695,696,Tanya Mcconnell,48,christophermartin@example.net,2021-02-28,2022-03-26,71,29.28,Mobile,Port Laura
696,697,Jorge Robinson,65,jessicavasquez@example.org,2023-08-05,2023-11-20,51,45.02,Desktop,Bauerland
697,thirty-five,Lori Garrett,60,cbradley@example.net,2023-09-14,,87,94.41,Desktop,Nguyenstad
698,699,Elizabeth Coleman,thirty-five,dmacdonald@example.net,2021-02-27,2022-10-28,17,21.93,Desktop,Robertmouth
699,thirty-five,Christian Harris,38,clineaaron@example.org,2022-07-16,2023-11-20,98,95.54,Desktop,Deanstad
700,701,John Copeland,50,rmaldonado@example.com,2022-11-02,2023-10-25,23,59.78,Mobile,East Alexandria
701,702,Mason Curtis,54,epena@example.net,2021-03-12,2023-01-04,68,33.9,Desktop,East Vanessashire
702,703,William Hart,20,jennifer23@example.org,2021-03-21,2023-02-08,91,21.38,Desktop,Bryantchester
703,704,Jose Wintersx,18,sullivanmelissa@example.com,2021-11-05,,92,98.63,Mobile,New Sarahlan
704,705,William Marsh,thirty-five,jennifer23@example.org,2022-07-13,2023-01-11,58,39.71,Desktop,West John
705,706,Bobby Mcknight,69,,2023-07-12,2023-09-21,79,48.61,,West Megan
706,707,Cassandra Morgan,67,alijessica@example.net,2022-12-28,2023-02-26,37,45.03,Mobile,Alyssahaven
707,thirty-five,Jeffrey Lane,62,cmartinez@example.org,2021-09-20,2021-12-08,88,66.6,Mobile,Tranhaven
708,709,Jennifer Levine,25,missing,2023-07-14,2023-09-03,99,45.92,Desktop,Reynoldsland
709,710,Mark Reyes,60,nielsenjaclyn@example.net,,2022-02-17,50,21.71,Desktop,Smithmouth
710,711,Melanie Allison,43,damonsmith@example.org,2022-03-08,2023-12-25,41,75.37,Mobile,Alexandriaburgh
711,712,Richard Daniels,thirty-five,blong@example.net,2022-11-16,2023-05-03,71,52.75,Mobilex,Lake Christophermouth
712,twenty-five,Brian Jones,23,madelinerobinson@example.net,,2022-04-11,91,63.92,Desktop,Port Leroyhaven
713,twenty-five,Elijah Weaver,24,emma95@example.com,2023-04-06,2023-10-23,99,23.76,Desktop,North Gary
714,715,Stacey Marshall,32,paul79@example.org,2020-12-28,2023-09-04,31,74.92,Desktop,Gregoryside
715,716,Robert Franklin,thirty-five,,2023-01-16,2023-06-18,86,92.68,Desktop,Riversshirex
716,717,Kyle Jones,54,kayla10@example.net,2021-06-21,2022-07-11,44,46.72,Mobile,East David
717,718,Bryan Rivera,twenty-five,tmarsh@example.org,2021-08-30,2022-09-16,94,47.48,Desktop,West Sonya
718,719,James Nelson,68,paul53@example.com,2022-07-04,2023-09-09,26,26.15,Mobile,Port John
719,forty-five,Jeffery Robinson,61,davidwells@example.org,,2023-12-14,61,44.91,Desktop,Angelafort
720,721,Elizabeth Hobbs,45,,2022-03-28,2023-07-28,98,58.17,Mobile,South Russell
721,722,Gary Glass,21,vmoreno@example.org,2021-03-26,2022-12-25,85,98.07,Desktop,Maryhavenx
722,723,Kendra Smit,55,floressamantha@example.com,2022-02-08,wrong_date,7,30.22,Desktop,New Leslieport
723,twenty-five,Jennifer Sanchez,46,christopherwheeler@example.net,wrong_date,2022-02-27,58,84.51,Mobile,South Ryanborough
724,725,John Martinez,22,scottcody@example.net,2021-09-17,2023-07-04,21,21.3,Desktop,Jonesberg
725,726,Mindy Williams,43,craigyoung@example.com,2021-01-02,2023-09-06,79,26.46,Desktop,West Curtis
726,727,Benjamin Austin,26,gallagherdavid@example.org,2021-10-07,2022-04-13,41,61.64,Desktop,
727,728,Carlos Clark,61,,2021-05-11,2022-04-01,31,69.73,Desktop,West Sharonshire
728,729,Jacqueline Frank,31,rgonzalez@example.net,2023-09-10,2023-11-30,thirty-five,37.54x,Mobile,North Amanda
729,730,Samantha Hernandez,24,kerririch@example.com,2021-08-30,2022-08-06,41,29.99,Mobile,New Charles
730,731,Kevin Warren,23,matthew40@example.net,2022-08-30,2023-08-15,23,55.95,Mobil,Ellenberg
731,732,Louis Smith,thirty-five,amanda11@example.com,2023-10-09,2023-12-06,twenty-five,77.01,Desktop,Carpenterportx
732,733,Matthew Goodwin,20,hpatterson@example.org,2023-07-14,2023-11-19,12,54.27,Mobile,South Angie
733,734,Mitchell Edwards,23,hensleytina@example.com,2022-02-01,2022-06-04,74,55.3,Desktop,New Anthony
734,735,Sergio Roberts,39,orodriguez@example.com,2023-01-09,2023-03-13,56,84.96,Mobilex,Greenbury
735,736,Mrs. Maria Barnes,51,missing,2021-11-11,2023-04-28,forty-five,22.59,Mobilex,Oliverport
736,737,Raven Day,70,uramirez@example.com,wrong_date,2023-04-27,5,47.74,Desktop,Teresaport
737,738,Jake Carney,36,fowlerstacey@example.com,2023-01-12,2023/12/01,78,76.5,,Coreyville
738,739,Alexis Kramer,35,psmith@example.com,2023/12/01,2021-09-29,twenty-five,32.98,Mobile,Thompsonburgh
739,forty-five,Christopher Medina,68,timothy61,2022-11-02,2023-11-07,forty-five,61.07,Desktop,Lake Paulchester
740,741,Sherri Lucasx,54,,2022-10-03,,47,99.91,Desktop,Carolberg
741,742,Jonathan Duncan,65,robert37@example.net,,2023-06-23,38,,,New Andrewbury
742,743,Suzanne Scott,forty-five,amy53@example.com,2022-06-04,2023-02-09,40,41.74,Mobile,Howardside
743,744,Michael Wallacex,27,michaelreynolds@example.net,2023-01-24,wrong_date,63,34.76,Desktop,Anitaville
744,745,Renee Mclaughlin,32,josephblackburn@example.com,wrong_date,wrong_date,41,84.91,,South David
745,746,Susan Coleman,56,amontgomery@example.com,2022-01-16,2022-05-30,52,99.95,Desktop,
746,747,Bryan Thomas,23,hernandezjennifer@example.com,2022-09-02,2023-08-19,24,34.82,Desktopx,Alexandriamouth
747,748,Elizabeth Collins,54,johnnycabrera@example.org,2021-08-17,2022-07-10,35,34.03,Desktop,New Steven
748,749,Brian Fox,68,joshuaneal@example.net,2021-05-18,wrong_date,7,54.32,,Evansfort
749,750,,50,millermeagan@example.org,2022-05-22,2023-07-31,99,55.53,Desktop,New Arielberg
750,751,Jay Russell,54,danielrogers@example.org,2022-10-20,wrong_date,7,67.93,Desktopx,East Tony
751,752,Caroline Roberts,49,pbrooks@example.org,2022-05-23,2023-05-31,7,40.21,Mobile,New Shellytown
752,753,Candace Mcguire DVM,47,vharris@example.org,2022-04-28,2023-03-27,75,36.51,Desktop,South Michael
753,754,Jennifer Garcia,23,uwilliams@example.net,2023-01-07,2023-10-29,53,60.63,Mobile,Lake Stephanieberg
754,755,Michael Allen,66,davidbailey@example.org,2022-01-11,2023-10-06,22,,Mobile,Ricefort
755,756,Bridget Zuniga,32,grobertson@example.org,2023-04-20,2023-09-07,34,75.51,,Emilyborough
756,757,Vincent Mcdaniel,26,joseph46@example.org,2021-06-10,2023-07-27,42,37.04,Mobile,West Christopher
757,758,Ryan Palmer,39,kristopherhill@example.net,2022-12-15,2023-05-31,1,66.73,Desktop,Ashleyview
758,twenty-five,Theresa Boone,23,hallcatherine@example.com,2022-05-29,2023-05-09,67,97.73,Desktop,New Amandatown
759,760,Ebony Huerta,48,wfrazier@example.net,2023-05-20,2023-10-16,53,93.5,Desktop,North Alexamouth
760,761,James Jimenez,35,victoriagreen@example.net,2021-02-23,2022-01-14,twenty-five,44.12,Mobile,Riveratown
761,twenty-five,Tyler Khan,19,ronaldsmith@example.org,2021-12-26,2023/12/01,54,43.7,Desktop,West Ryanland
762,763,Lisa Christian,54,shernandez@example.com,2021-01-17,2021-10-05,71,46.74,Mobile,Elizabethshir
763,764,Eric Harriso,36,larry63@example.net,2021-06-12,2022-02-26,twenty-five,36.06,Desktop,Port Samanthaside
764,765,Christina Beard,29,kimberlytaylor@example.org,2023/12/01,,39,50.7,Desktop,New Allentown
765,766,Jason Hawkins,49,terrilewis@example.org,2021-02-11,2022-12-03,26,78.8,Mobile,Bonnietow
766,767,Michael Burton,55,njones@example.org,2022-09-01,2023-01-26,71,33.16,Mobile,Hayesfort
767,twenty-five,Clifford Melendez,66,droberson@example.com,2023-02-16,2023-10-18,19,40.16,Desktop,East Erica
768,769,Alexandra Harper,68,twilliams@example.com,2021-01-19,2021-10-30,twenty-five,60.05,,Tinaburgh
769,770,Benjamin Martinez,54,benjamin40@example.com,2023-06-15,2023-12-17,91,60.68,Mobile,Port Trevorstad
770,771,Richard Moore,25,hoffmanmargaret@example.com,2021-05-04,2023-08-19,58,68.91,Desktop,Garyshire
771,772,Erin Cox,56,christineball@example.net,2022-07-09,2023-11-22,54,55.09,Mobile,Camachostad
772,773,Brenda Reid,60,heidi48@example.org,2021-09-08,2022-07-03,81,65.52,Desktop,Michaelchester
773,774,Brittney Spears,56,angela94@example.org,2022-12-14,2023-08-29,5,48.44,Desktop,Kathryntown
774,775,Melissa Johnsonx,50,cynthiathomas@example.net,wrong_date,2023-03-13,70,73.69,Desktop,Williamchester
775,twenty-five,Michael Wallac,19,margaretmills@example.net,,2023-09-07,70,31.17,Mobile,Melissastad
776,777,Rachel Wright,40,nunezamanda@example.org,2023/12/01,2023-12-01,62,66.01,Mobile,South Sara
777,778,Mark Malone,22,thorntonjohn@example.com,2023-07-20,2023-11-30,71,57.68,Desktop,North Randy
778,779,Tracy Olson,61,huangdavid@example.com,2023-05-02,2023-10-11,49,74.73,Desktop,West Stevenshire
779,780,Rebecca Perry,forty-five,shaynes@example.org,2023-03-28,2023-05-20,32,81.95,Mobile,Matthewmouth
780,781,Michael Scott,25,amanda30@example.org,2022-11-10,2023-12-01,95,28.21,Desktop,Colemanborough
781,782,Michael Merritt,36,joseph83@example.org,2022-06-05,2023-03-08,14,55.24,Desktop,Lake Megan
782,twenty-five,Kayla Levy,34,ngardner@example.com,2022-08-05,2023-03-23,93,82.94,Mobile,Lucashaven
783,784,Robert Hernande,52,cbray@example.com,2021-01-28,2023-01-23,5,26.16,Mobile,East Sandra
784,785,John Torres,70,sharrison@example.org,2021-12-10,2023-01-31,6,81.72,Desktop,Lake Douglasshire
785,786,Jean Mitchell,42,zpitts@example.net,2023/12/01,2023/12/01,94,67.25,Mobile,Wilkinsonborough
786,787,Meghan Ramos,31,jack39@example.org,2023-01-09,2023-01-20,98,48.81,Mobile,East Bobby
787,788,Wanda Webb,40,josephgallegos@example.com,wrong_date,2023-05-16,59,32.68,Mobile,Jamesberg
788,789,Tyler Hanna,57,boltondaisy@example.com,2021-08-15,2023-09-01,54,92.96,Mobile,New Catherinehaven
789,790,Daniel Brennan,30,jasonbuchanan@example.com,2023-06-10,2023-06-26,11,55.01,Mobile,
790,791,Aaron Horn,41,daykevin@example.org,2021-01-12,2023/12/01,15,23.78,Desktop,Davidview
791,792,Mark Turner,52,lclarke@example.com,2021-06-02,2023-03-21,94,81.49,,Port Sandra
792,793,Christopher Chapman,54,jessicajohnston@example.net,2023-04-28,2023-06-26,77,82.05,Desktop,East Kurt
793,794,Cindy Oneal,30,grantcassandra@example.net,2023-05-13,2023-06-12,39,44.21,Mobile,Bethanymouth
794,795,Jocelyn Barker,57,peter37@example.net,2022-10-31,2023-11-15,forty-five,,Mobile,
795,796,Fred Klein,48,candace54@example.com,2023/12/01,2023-12-19,39,97.75,Mobile,Genefort
796,797,Brandon Schroeder,66,ebaker@example.org,2023-03-07,2023-07-14,31,91.15,Desktop,Port Candicechester
797,798,Michael Orr,44,jessicaevans@example.org,2022-03-01,2022-08-15,83,78.15,Mobile,Jenningsfurtx
798,799,Willie Robertson,thirty-five,,2023-08-18,2023-11-09,17,81.67,Desktop,New Miranda
799,800,Tony Smith,66,bpowell@example.com,2022-07-18,2022-08-09,20,37.06,Mobile,Wilkinsonside
800,801,Emily Brown,23,emily02@example.net,2022-01-16,2022-04-08,thirty-five,83.67,Desktopx,Kingmouth
801,twenty-five,Monica Davis,65,xoliver@example.com,2022-03-13,2023-01-05,97,88.35,Mobile,Jonesberg
802,803,Charles Bryant,64,bryanrose@example.com,2023-08-21,2023-12-02,42,44.2,Desktop,Lake Kimberly
803,804,Matthew Bailey,62,kristina79@example.org,,2022-04-18,98,65.64,Mobile,East Steve
804,805,John Davis,45,jennifer84@example.com,2023-10-11,2023-11-28,87,90.75,Desktop,Lake Kellyburgh
805,806,Joseph Adams,41,thomassingh@example.com,wrong_date,2023-01-01,87,70.46,Desktop,Castillobury
806,807,Monique Beasley,51,missing,2023-10-20,,40,91.86,Desktop,West Hannah
807,808,Stuart Mitchell,49,csmith,2021-02-13,2023-01-09,12,88.54,Mobile,Jacksonside
808,809,Kevin Watkins,63,joseph89@example.net,2022-03-15,2023-11-10,61,48.37,Desktop,Harmonchester
809,810,Tonya Johnson,42,christopherdavis@example.org,2022-08-28,2023-08-17,78,32.09,Mobile,Castrostad
810,811,Andre Walker,29,ischmidt@example.org,2023-05-05,2023-05-07,46,36.2,Desktop,South Kaylaland
811,812,Mary Gonzalez,36,vtaylor@example.org,2022-11-08,2022-12-08,forty-five,60.38,Desktop,New Heathermouth
812,813,Jordan Murphy,27,cbaldwin@example.com,2023-09-21,2023-11-22,93,26.61,Mobile,West Beth
813,forty-five,Rachel Dun,42,delgadosandra@example.org,2021-10-27,2022-04-02,92,96.79,Desktopx,South James
814,forty-five,Jennifer Davis,61,hansenmichelle@example.com,2023-09-28,2023-09-28,9,40.91,Mobile,Port Emilyhaven
815,816,Shannon Jordan,68,navarromaria@example.net,2022-09-02,2023-11-26,77,65.43,Mobile,Mackbury
816,817,David Moss,66,stokesalyssa@example.net,2021-01-10,2023-04-06,87,35.43,Desktop,East Kimberlyton
817,818,,58,dale24@example.org,wrong_date,2023-12-21,45,70.19,Desktop,North Paul
818,819,Candace Patton,19,pgutierrez@example.net,2022-05-31,2022-07-02,16,77.05,Desktop,Jaredburgh
819,820,Jacqueline Huynh,24,tina46@example.com,2021-02-05,2022-01-04,84,59.99,Mobile,Lorettafurt
820,821,Brandy Brennan,41,kjoseph,2021-01-06,2023-03-05,80,68.3,Desktop,Valentineville
821,822,Carol Nguyen,64,andrewbell@example.org,2021-07-24,2023-07-27,31,95.2,Mobile,Port Samanthaton
822,823,Ann Lopez,28,edwardanderson@example.net,2022-04-01,2023-05-26,30,71.62,Desktop,
823,824,Paula Cummings,44,parkspaul@example.org,,2023/12/01,26,70.38x,Desktop,Perkinsville
824,825,Cody Simmons,49,rmitchell@example.net,2020-12-29,2023-08-12,18,50.28,Desktop,Duncanmout
825,826,Cassandra Hill,28,stuartjessica@example.org,2022-08-09,2022-11-22,40,53.12x,Desktop,Brownton
826,827,,36,scobb@example.net,2021-02-07,2022-09-29,4,42.89,Mobile,Lake Jonathan
827,twenty-five,James Hogan,70,christian89,2022-09-03,2023-10-03,74,,,Lake Jordan
828,829,Daniel Johnson Jr.,70,munozhector@example.org,2023-10-11,2023-11-19,18,,Mobile,Joshuamouth
829,830,Lisa Ray,23,ojames@example.net,2020-12-31,2023-09-02,9,80.01,Desktop,Port Shelby
830,831,Donna Torres,32,erinsmith@example.net,2021-08-28,2021-09-02,76,49.53,Desktop,Bellville
831,832,Jennifer Reynolds,46,macdonaldtonya@example.org,2023-06-21,2023-08-06,5,41.66,Desktop,Alexanderside
832,833,Joshua Tucker,38,csmith@example.net,2022-09-29,2023-02-26,7,,Desktop,Lake Francisco
833,834,Dr. Sarah Baker,53,missing,2023/12/01,2023-09-29,23,55.35,Desktop,Michaelmouth
834,835,Alexis Washington,68,donaldryan@example.com,2023-08-07,2023-09-04,80,58.31,Desktop,North Kevin
835,836,Abigail Valenzuela,20,michael05@example.org,2023-12-24,2023-12-24,6,77.75,Mobile,Port Ashleytown
836,837,,forty-five,kturner@example.com,2021-07-19,2021-09-11,59,41.98,Desktop,Port Josephburgh
837,838,Joseph Valdez,58,qabbott@example.org,2023-01-04,2023-02-09,60,98.07,Desktop,Bakerstad
838,839,Melissa Knapp,38,,2021-12-15,2023-12-17,23,41.69,Desktop,Barrland
839,840,Michael Guerra,57,norrismark@example.org,2022-11-08,2023-10-05,15,62.82,Desktop,West Lawrence
840,841,David Palmer,41,mdominguez@example.org,2023-12-16,,6,66.7,Mobile,West Danielleshire
841,842,Erica Spencer,twenty-five,edwardsummers@example.net,2023-07-17,2023-10-29,79,83.19,Desktop,Caseypor
842,843,Daniel Wheeler,41,joshuacook@example.com,2021-03-27,2023-05-17,92,65.14,Deskto,North Lindastad
843,844,Justin Cordova,36,missing,2023-03-03,2023-09-02,85,,Mobile,South Tony
844,845,Bryan Houston,thirty-five,hayesterri@example.org,2023-09-03,2023-12-23,50,62.71,Desktop,North Danielberg
845,846,Jason Henr,forty-five,sharicunningham@example.org,2023-04-05,2023-09-17,98,62.82,Desktop,Andrewmouth
846,forty-five,Eric Jacobs,twenty-five,laurieperry@example.com,2022-04-09,2022-06-06,45,67.89,Mobile,West Gloria
847,848,Stephanie Taylor,24,gregory41@example.com,2022-01-15,2022-06-05,55,27.89,Desktop,Lake Charlesborough
848,849,Angela Hood,67,andre93@example.net,2022-11-25,2023-10-15,62,88.25,Desktop,Julieburgh
849,850,Lisa Steele,42,younglarry,2022-04-22,2022-07-24,9,87.67,,New Amandamouth
850,851,Ryan Carter,thirty-five,merrittblake@example.com,2021-04-09,2023-06-22,18,38.38,Mobile,Port Tamaramouthx
851,852,Steven Brown,36,dianahenry@example.org,2023-03-23,2023-12-04,47,74.34,Desktop,Ashleytown
852,853,Benjamin Jackson,22,danabentley@example.com,2022-04-02,2022-08-27,45,67.28x,Mobile,Thomasland
853,854,Jacob Perez,19,codykelly@example.net,2022-06-05,2023-09-23,42,65.96,Desktopx,North Robert
854,855,Dan Lawson,35,missing,2021-02-13,2021-03-21,80,77.11,Mobile,Port Cathymouth
855,856,Jacob Stewart,46,,2022-02-16,2023-06-03,twenty-five,33.03,Desktop,Deniseburgh
856,857,Debra Cummings,70,lnguyen@example.org,2022-04-08,2023-07-31,forty-five,38.82,Mobile,New Laurafort
857,858,Benjamin Peck,43,nicole43@example.org,2021-03-23,2023-12-05,89,95.0,Mobile,Trujilloside
858,859,Jared Oneill,thirty-five,ilopez@example.org,2021-08-02,2023-10-19,90,76.79,Desktop,Port Shellyshire
859,860,Carla Bautistax,40,garciaangela@example.org,,2023-05-04,45,53.61,Mobile,Kennethmouth
860,861,Sheena Jackson,67,johnsontracey@example.com,2021-11-06,2021-12-13,50,29.3,Desktop,North Jacqueline
861,862,,58,lisa64@example.org,2023-03-11,2023-04-12,41,91.32,Desktop,East Nichole
862,863,Louis Terry,26,shawnhernandez@example.net,2021-08-12,2023-09-05,62,22.7,Mobile,Danielville
863,864,Shawn Jackson,55,margaret32@example.net,2022-09-24,2023/12/01,78,55.43,Mobile,Port Christopher
864,865,Jenny Stokes,52,tsmith@example.com,2021-12-11,2023-06-09,80,66.81,Mobile,Richardborough
865,866,Olivia Cameron,55,jessica72@example.net,2023-07-05,2023-09-07,88,70.93,Desktop,Briantown
866,867,Gregory Wright,69,austinmartin@example.org,2022-07-29,2023-05-24,57,57.77,Desktop,Aliciaville
867,868,Yvette Park,31,missing,2022-05-02,2022-06-26,52,50.9x,Mobile,Anthonyfort
868,869,Sarah Bailey,59,patriciaestrada@example.com,2023-07-21,2023-10-30,thirty-five,70.86,Desktop,Port Kellyboroug
869,870,Jonathan Campbell,forty-five,missing,,,twenty-five,64.09,,Amyborough
870,871,Scott Johnson,40,daniel84@example.net,2021-10-31,2022-12-09,12,23.27,Desktop,Lake Caitlinboroug
871,872,Molly Parker,67,jacksoncarolyn@example.org,2022-05-13,2023-08-13,91,78.54,Desktop,Jordanfort
872,873,Kevin Singh,22,mary00@example.org,wrong_date,2023-10-28,44,77.42,Mobile,New Danielchester
873,874,Danny Larson,57,christinefinley@example.net,2021-04-15,2021-04-16,74,38.91,Desktop,West Sherrystad
874,875,Charles Cervante,49,littleamy@example.org,2021-06-05,2023-07-02,53,27.19,Mobile,Gutierrezshire
875,876,Kristine Nguyen,66,lisa56@example.net,2021-12-22,2023-07-17,83,39.37,Desktop,Port Kent
876,877,Candice Soto DDS,42,carla52@example.net,2021-10-29,2023-09-24,24,76.1,Mobile,Port Mariaberg
877,878,Robert Collin,28,smithbrandon@example.org,2021-08-05,,73,28.72,Desktop,Joshuafort
878,879,Robert Miller,thirty-five,cookadam@example.com,2023-05-19,2023-10-04,54,45.08,Mobile,Port David
879,880,Amanda Hernandez,44,dmurray@example.com,2023-03-16,2023-11-07,10,74.56,Desktopx,Lake Karen
880,881,Lindsay Wagner,48,micheleodonnell@example.net,2022-11-17,2023-06-16,37,99.37,Mobile,South Sharon
881,882,Karen Scott,53,chapmanalicia@example.org,2023-02-03,2023-08-25,24,26.84,Desktop,Garciaville
882,883,Jennifer Schneider,19,patelrachael@example.net,2023-08-10,2023-09-18,52,24.09,Desktop,Christopherberg
883,884,Alisha Lambert,68,jason47@example.net,2021-08-05,2023-07-29,51,22.7,Desktopx,East Brett
884,885,Laura Rodriguez,forty-five,aruiz@example.org,2023-08-04,2023-11-09,90,68.64,Mobile,East Christopher
885,forty-five,Rhonda Clark,31,mitchellboone@example.com,2021-12-15,2022-10-17,13,83.56,Desktop,Porterville
886,887,Amber Brady,48,thomaskayla@example.org,2021-08-04,2023/12/01,79,77.42,Desktop,West Christineberg
887,forty-five,Joshua Ray,52,randy66@example.net,2021-05-02,2021-11-23,76,85.18,Mobile,New Whitneyburgh
888,889,Jon Howard,59,oguzman@example.com,2023-01-10,2023-10-22,49,40.98,Mobile,Autumnmouth
889,890,Daniel Patton,29,nmiddleton@example.com,2023-11-11,2023-11-21,13,69.0x,Desktop,Richardton
890,891,David Blackx,25,qhenderson@example.org,wrong_date,2023-11-26,2,53.63,Mobile,Lewisburgh
891,892,James Long,47,adamsbradley@example.org,2021-04-18,2023/12/01,26,28.57x,Mobile,Port Douglasstad
892,893,Melanie Fletcher,29,jacksoncatherine@example.org,2021-04-21,2022-11-27,25,39.1,Desktop,Lake Zacharyshire
893,894,Johnathan Flores,33,,wrong_date,2022-06-11,99,81.69,Mobile,Kevinland
894,895,Tyler Wolf,20,jessicaodonnell@example.org,2022-03-22,2023-07-14,51,31.29,,North Jasmine
895,896,Matthew Alvarado,19,brownjames@example.com,2021-04-15,2022-06-14,84,58.37,,Jennifertown
896,897,Michelle Green,37,missing,2023-05-04,2023-07-19,34,42.9,Mobile,South Nichole
897,898,Morgan Huynh,45,omyers@example.org,2022-08-07,2023-05-18,57,63.07,Mobile,East Abigailport
898,899,Randy Bird,70,adamnavarro@example.com,2023-01-08,2023-12-15,1,92.11,Mobile,East Briannaside
899,900,Jennifer Simmons,43,carl26@example.com,2022-07-03,2023-01-16,thirty-five,43.96,Mobile,Michaelstad
900,901,Brian Anderso,45,jasonreed@example.org,2021-02-26,2023-02-25,46,98.76,Desktop,North Michael
901,902,Jacob Campbellx,37,carolward@example.org,2022-12-22,2023-07-03,twenty-five,89.5,Mobile,Wardstad
902,forty-five,,70,garzacassidy@example.com,2021-05-04,2022-10-23,twenty-five,36.37,Desktop,West Max
903,twenty-five,,21,robertsjack@example.net,,2023-12-13,8,53.19,Mobile,Wilsonport
904,905,Alexander Jennings,45,cranestephanie@example.net,wrong_date,2023-05-18,thirty-five,72.58x,Mobile,West Janice
905,906,Jaime Harrison,30,teresagibson@example.org,wrong_date,2023-08-20,28,30.32,Mobile,East Stephanieville
906,907,Linda Roth,51,wendy78@example.net,2022-01-16,2022-07-18,67,,Desktop,Meyerstown
907,908,Robert Peterson,55,jasoncurry@example.org,,2023-08-30,twenty-five,86.93,Mobile,Matthewsborough
908,909,Kyle Santana,67,jamesmathews@example.com,2022-03-25,2022-08-02,52,39.09,Desktop,Juliefurt
909,910,Jeremy Jacobson,29,jonathanbowman@example.com,2021-03-06,2022-03-04,25,97.46,Desktop,Webbtown
910,911,Jacqueline James,36,whitetroy@example.com,2021-11-02,2021-12-07,53,21.95,Mobile,West Dan
911,912,Nicole Smith,52,wilsonjennifer@example.net,2021-09-24,2022-01-01,33,87.23,Desktop,Jennifermouth
912,913,Tina Klein,60,charles85@example.net,2023/12/01,2023-10-22,39,87.83,,Johnport
913,914,Brenda Johnson,55,michelebass@example.net,2022-11-02,2023-05-30,84,47.84,Mobile,Ellisville
914,915,Betty Robinson,twenty-five,hsalazar@example.org,2021-09-22,2022-05-17,73,51.15,Mobile,Warrenmouth
915,916,Donald Allen,32,chelseajackson@example.net,2021-04-22,2023/12/01,48,34.11,Desktop,Port Mark
916,917,David Smith,64,,2021-06-17,2023-04-15,18,57.31,,Brittanystad
917,918,Melissa Walters,69,thomas89@example.net,2022-01-15,2022-11-25,81,66.67,Desktop,Edwardstad
918,919,Adam Morris,49,walkerjennifer@example.com,2022-08-10,2022-12-20,72,95.81,Mobile,Karentown
919,920,Kevin Harrison,36,brittney33@example.org,2022-09-21,wrong_date,twenty-five,35.39,Mobile,Mcdonaldfurt
920,921,Mrs. Valerie Cochran DDS,70,acostajasmine@example.com,2023-09-14,2023-12-18,71,82.85,Mobile,Wallaceland
921,922,Mariah Holmes,54,anita50@example.org,2022-11-09,2023-07-23,73,90.82,Mobile,Tylerfort
922,923,,59,mark38@example.net,2021-07-17,2022-03-05,68,63.87x,Mobile,Lake Lindsey
923,924,Scott Saunders,forty-five,colejesse@example.net,2023-02-27,2023-04-08,7,85.13,Mobile,New Tamara
924,925,Donna Miller,22,jessicahoward@example.org,wrong_date,2023-11-23,18,32.25,Desktop,West Brittanyview
925,926,Michele Ford,20,missing,2022-05-31,2023-12-12,97,,Desktop,New Lisashirex
926,927,Darren Nichols,52,barkersarah@example.org,2021-01-30,2021-08-03,66,32.67,,East Davidport
927,928,William Stewart,29,jonathan78@example.com,2021-09-10,2023-03-21,10,43.98x,Mobile,East Donnaland
928,929,Darius Richardson,37,david88@example.net,2022-03-29,2023-01-15,27,25.07,Mobile,Robertsville
929,930,Michael Ellis,29,charles06@example.net,2023-01-01,2023-11-25,5,26.71,Mobile,Adamchester
930,931,,thirty-five,miranda53@example.net,2022-12-15,2023-10-27,47,38.71,Desktop,West Peter
931,932,Lauren Perez,42,joseph02@example.com,2021-02-03,2021-06-29,forty-five,31.22,Mobile,Foxbergx
932,thirty-five,Timothy Larson,20,vwebb,2022-07-25,2023-01-30,51,49.57,Desktop,South John
933,thirty-five,Pamela Glass,43,brian30@example.org,2023-10-03,2023-12-09,40,84.42,Desktop,South Kristytonx
934,935,Daniel Rhodes,50,hdavis@example.com,2021-01-13,2021-02-25,50,41.38,Mobile,Lake Robin
935,936,Sean Hernandez,18,michellesmith@example.net,2023-07-06,2023-08-24,forty-five,64.28,Mobilex,East Mitchellstad
936,937,Anna Bishop,34,john70@example.net,2023-08-14,2023-09-11,55,42.36,Mobile,Deborahview
937,938,Monica Nguyen,26,rjefferson@example.com,2021-07-16,2022-09-27,81,,Desktop,Denisestad
938,939,Kayla Brown,20,hharrison@example.com,2022-11-11,2023-11-10,8,34.2,Desktop,Murphychester
939,940,Shannon Lee,38,zchavez@example.net,2022-03-29,2023-06-20,86,31.62,Mobile,West David
940,941,Courtney Sampson,45,sherrybrady@example.org,2021-12-18,2023-06-16,25,37.52,Mobile,North Miguelmouth
941,thirty-five,Kenneth Rogers,25,vpierce@example.org,2021-08-11,2023-01-28,68,38.24,Mobile,Michelleberg
942,943,Jermaine Larson,44,ashley76@example.net,2021-04-24,2023-03-05,83,48.16,Desktop,East Randyview
943,944,,64,robert01@example.org,2022-05-13,2023-01-05,51,29.06,Desktop,Brendachester
944,945,Crystal Mccoy,55,joanna47@example.org,2021-08-30,2022-03-05,9,78.54,Mobile,North Joseph
945,946,Jose Burns,57,bookermike@example.com,2021-12-19,2022-09-12,63,98.75,Desktop,Hodgesville
946,947,Amanda Armstron,thirty-five,uwarren@example.org,2022-04-05,2022-11-24,91,57.05,Desktop,Stephaniemouth
947,948,Emily Blevins,thirty-five,jamiewilson@example.org,2023-07-05,,92,59.6,Desktop,Sharonbury
948,949,Sarah Morgan,60,sherylmonroe,2021-02-23,2023/12/01,75,58.55,Mobile,Hobbsview
949,950,Todd Davidson,54,chungkristen@example.org,2022-12-01,2023-03-23,79,60.91,Desktop,Pricebury
950,951,Victoria Roman,24,fwilson@example.com,2021-09-15,2022-12-04,94,71.1,Mobile,New Tyler
951,952,Dawn Waller,21,josephrichardson@example.net,2021-12-27,2023-08-04,57,61.12,Mobile,Lauramouth
952,953,Dustin Baldwin,28,brooksross@example.org,2021-04-26,2021-08-13,forty-five,32.89,Desktop,
953,954,Patrick Mos,42,smithchristopher@example.com,2021-08-06,2022-03-31,41,44.55,Desktop,New Derrick
954,955,Richard Coleman,49,egallegos@example.com,2021-05-09,2023-03-13,99,85.98,Desktopx,Dixonmouth
955,956,Tonya Armstron,18,jeffrey48@example.org,2021-05-17,2022-02-17,93,42.09x,Desktop,North Amy
956,957,William Soto,38,williamschristine@example.com,2021-12-10,2022-02-19,61,77.41,Mobile,West Richardton
957,958,Stephanie Allen,65,missing,2021-08-03,2023-08-29,15,53.59,Desktop,Jonestown
958,959,Brandy Matthews,56,judy98@example.net,2022-07-20,2023-12-19,36,96.6,Desktop,East Abigailchester
959,960,Wendy Drake,20,missing,2023-01-05,wrong_date,forty-five,31.5,Desktop,West Mariahchester
960,961,Kristen Taylor,46,melissamartinez@example.org,2023-09-02,2023-11-08,36,51.67,Desktop,West Kayleeton
961,962,,57,wscott@example.net,2022-05-06,2022-05-16,43,86.98,Desktop,Westville
962,963,John Dennis,55,gthomas@example.net,2023-11-18,2023-12-24,15,71.04x,Mobile,Changview
963,964,Marc Cline,66,matthew95@example.org,wrong_date,2023-03-02,62,83.99,Desktop,Justinchester
964,965,Stephanie Thompson,47,huntercruz@example.net,2023-08-06,2023-08-13,46,,,Lake Andrew
965,966,Brittney Wilkins,34,williamsmith@example.net,2023-06-27,wrong_date,81,25.14,Desktop,Patriciaside
966,967,Susan Walker,twenty-five,hbenson@example.com,2021-12-30,2023-12-12,3,21.82,Desktop,South Caseychester
967,968,Andrew Mendez,39,salazaramanda@example.org,2023-11-08,2023-11-23,78,,Mobile,East Susanville
968,969,Brittany Gutierrez,54,omoore,2021-11-23,2022-03-12,6,46.72,Mobile,Kennethville
969,970,Chad Weaver,29,mooresteven@example.com,2022-01-05,2022-07-31,4,65.86,Mobile,South Amandafort
970,forty-five,Ashley Young,56,jessica18@example.com,2021-03-12,2021-06-24,40,93.22,Desktop,West Kristineview
971,972,Frank Campbell,69,cathy29@example.net,2022-03-07,2022-11-13,93,,Desktop,Myersberg
972,973,Gerald Carter,51,crystal50@example.com,,2023-12-21,70,76.06,Desktop,Susanfort
973,974,Erin Wright,48,juan22@example.com,2022-10-19,2023-08-10,74,21.8,Desktop,East Adrianview
974,975,,26,joshua52@example.com,2021-10-06,2023-10-14,86,37.98,Desktopx,Melissaland
975,forty-five,Eric Bradley,58,,2023-06-18,2023-10-16,48,59.46,Desktop,Lake Erika
976,977,Benjamin Small,29,latoyabrennan@example.com,2022-02-27,2022-05-04,forty-five,66.37,Mobile,Davisland
977,978,Glen Bryantx,24,regina45@example.org,,2023-04-13,21,58.85,Desktop,
978,979,Jacob Tucker,24,sbradley@example.org,2023-10-27,2023-11-14,26,80.34,Mobile,North Ronaldport
979,980,Nicole Lewis,59,james90@example.org,2023-12-21,2023-12-23,73,96.52,Desktop,New Normanlan
980,981,Michael Thomas,34,brianroberson@example.org,2022-10-27,wrong_date,98,20.88,Desktop,South Autumnport
981,982,Michelle Wilson,35,,2021-09-18,2022-09-22,31,84.18,Desktop,Barnesmouth
982,983,Joann Pate,35,pharding@example.net,2021-09-16,2022-07-10,87,86.47,Desktop,West Jasmineview
983,984,Brandi Roberts,24,juarezronald@example.net,,2023-07-06,1,79.87,Mobile,Susanmouth
984,985,Amy Simpson,43,barbara09@example.org,2023-06-26,2023-07-29,42,86.82,Desktop,East Jaim
985,986,Mr. Ryan Liux,41,elivingston@example.org,2022-02-04,2022-08-31,thirty-five,60.73,Mobile,Wardberg
986,987,David Newman,35,jennifermartinez@example.com,2021-08-14,2021-09-21,46,91.65,Desktop,Cynthiachester
987,988,Joseph Atkinson,24,michael46@example.org,2021-04-24,2023-07-04,70,50.37,Desktop,West Kellychester
988,twenty-five,Mark Scott,34,shawn81@example.net,2022-07-06,2023-02-24,36,79.69,Desktop,Jeanetteborough
989,990,Ryan Anderson,37,whitneytanya@example.com,2021-05-05,2023-08-11,44,65.8,Mobile,Port Jesse
990,991,Jessica Lucas,68,christopher46@example.net,,2022-02-06,63,46.05,Mobile,Jasonstad
991,992,Robert Wyatt,64,destinyhall@example.net,2021-03-17,2021-07-17,twenty-five,52.43,Mobile,East Kelseyland
992,993,Calvin Hughes,22,stonecathy@example.net,2021-12-10,2023-03-04,24,85.16,Desktop,Sarahmouth
993,994,Jamie Mann,64,narias@example.net,2022-01-05,2022-01-13,27,47.48,Mobile,Lake Willie
994,995,Randy Richard,50,scaldwell@example.net,2022-06-23,2023-03-06,44,41.22,Mobile,Amyberg
995,996,Lisa Fernandez,52,matthew66@example.org,2022-01-15,2022-05-19,20,32.44,Desktop,North Traviston
996,997,Stefanie Cruz,twenty-five,bbarnett@example.net,2022-08-13,2023-02-22,17,52.27,Desktop,Lake Taratown
997,998,Gregory Mendez,52,amanda30@example.com,2022-12-22,2023-10-02,23,83.06,Mobile,Bowmanberg
998,999,Whitney Anderson,62,millsjames@example.com,2021-04-27,2023-02-05,36,33.92,Mobile,East Amanda
999,1000,Gary Owens,55,timothyconway@example.com,2021-11-19,2023-11-05,70,49.91,Desktop,Hayesfurt
